pattern,index,src,dst
uniform,0,0,11
uniform,1,1,14
uniform,2,2,10
uniform,3,3,13
uniform,4,4,15
uniform,5,5,6
uniform,6,6,4
uniform,7,7,5
uniform,8,8,1
uniform,9,9,5
uniform,10,10,14
uniform,11,11,13
uniform,12,12,1
uniform,13,13,14
uniform,14,14,7
uniform,15,15,13
uniform,16,0,1
uniform,17,1,11
uniform,18,2,4
uniform,19,3,7
uniform,20,4,14
uniform,21,5,9
uniform,22,6,8
uniform,23,7,13
uniform,24,8,3
uniform,25,9,6
uniform,26,10,5
uniform,27,11,12
uniform,28,12,5
uniform,29,13,12
uniform,30,14,10
uniform,31,15,14
uniform,32,0,6
uniform,33,1,2
uniform,34,2,15
uniform,35,3,11
uniform,36,4,9
uniform,37,5,15
uniform,38,6,14
uniform,39,7,9
uniform,40,8,6
uniform,41,9,7
uniform,42,10,12
uniform,43,11,12
uniform,44,12,6
uniform,45,13,15
uniform,46,14,4
uniform,47,15,5
uniform,48,0,4
uniform,49,1,15
uniform,50,2,4
uniform,51,3,7
uniform,52,4,6
uniform,53,5,2
uniform,54,6,9
uniform,55,7,14
uniform,56,8,11
uniform,57,9,14
uniform,58,10,4
uniform,59,11,3
uniform,60,12,1
uniform,61,13,15
uniform,62,14,12
uniform,63,15,0
uniform,64,0,14
uniform,65,1,12
uniform,66,2,8
uniform,67,3,5
uniform,68,4,13
uniform,69,5,11
uniform,70,6,8
uniform,71,7,10
uniform,72,8,5
uniform,73,9,1
uniform,74,10,6
uniform,75,11,9
uniform,76,12,7
uniform,77,13,7
uniform,78,14,4
uniform,79,15,0
uniform,80,0,15
uniform,81,1,4
uniform,82,2,14
uniform,83,3,9
uniform,84,4,8
uniform,85,5,12
uniform,86,6,11
uniform,87,7,5
uniform,88,8,10
uniform,89,9,8
uniform,90,10,2
uniform,91,11,4
uniform,92,12,13
uniform,93,13,7
uniform,94,14,1
uniform,95,15,5
uniform,96,0,5
uniform,97,1,6
uniform,98,2,9
uniform,99,3,6
uniform,100,4,11
uniform,101,5,14
uniform,102,6,14
uniform,103,7,0
uniform,104,8,9
uniform,105,9,11
uniform,106,10,15
uniform,107,11,2
uniform,108,12,2
uniform,109,13,4
uniform,110,14,5
uniform,111,15,0
uniform,112,0,6
uniform,113,1,9
uniform,114,2,10
uniform,115,3,4
uniform,116,4,7
uniform,117,5,13
uniform,118,6,7
uniform,119,7,11
uniform,120,8,7
uniform,121,9,13
uniform,122,10,9
uniform,123,11,3
uniform,124,12,9
uniform,125,13,8
uniform,126,14,15
uniform,127,15,5
uniform,128,0,2
uniform,129,1,12
uniform,130,2,5
uniform,131,3,8
uniform,132,4,0
uniform,133,5,2
uniform,134,6,1
uniform,135,7,8
uniform,136,8,6
uniform,137,9,10
uniform,138,10,12
uniform,139,11,9
uniform,140,12,10
uniform,141,13,11
uniform,142,14,13
uniform,143,15,8
uniform,144,0,5
uniform,145,1,4
uniform,146,2,7
uniform,147,3,5
uniform,148,4,14
uniform,149,5,8
uniform,150,6,8
uniform,151,7,13
uniform,152,8,3
uniform,153,9,1
uniform,154,10,15
uniform,155,11,7
uniform,156,12,7
uniform,157,13,3
uniform,158,14,13
uniform,159,15,6
uniform,160,0,1
uniform,161,1,11
uniform,162,2,9
uniform,163,3,4
uniform,164,4,10
uniform,165,5,3
uniform,166,6,10
uniform,167,7,2
uniform,168,8,15
uniform,169,9,14
uniform,170,10,6
uniform,171,11,3
uniform,172,12,11
uniform,173,13,2
uniform,174,14,3
uniform,175,15,5
uniform,176,0,14
uniform,177,1,6
uniform,178,2,4
uniform,179,3,1
uniform,180,4,8
uniform,181,5,7
uniform,182,6,3
uniform,183,7,10
uniform,184,8,15
uniform,185,9,2
uniform,186,10,7
uniform,187,11,8
uniform,188,12,13
uniform,189,13,12
uniform,190,14,9
uniform,191,15,13
uniform,192,0,1
uniform,193,1,14
uniform,194,2,6
uniform,195,3,0
uniform,196,4,9
uniform,197,5,6
uniform,198,6,0
uniform,199,7,0
uniform,200,8,12
uniform,201,9,1
uniform,202,10,13
uniform,203,11,0
uniform,204,12,11
uniform,205,13,8
uniform,206,14,7
uniform,207,15,5
uniform,208,0,15
uniform,209,1,10
uniform,210,2,15
uniform,211,3,11
uniform,212,4,7
uniform,213,5,6
uniform,214,6,15
uniform,215,7,9
uniform,216,8,4
uniform,217,9,13
uniform,218,10,14
uniform,219,11,5
uniform,220,12,13
uniform,221,13,3
uniform,222,14,4
uniform,223,15,14
uniform,224,0,15
uniform,225,1,7
uniform,226,2,4
uniform,227,3,14
uniform,228,4,6
uniform,229,5,1
uniform,230,6,7
uniform,231,7,5
uniform,232,8,1
uniform,233,9,0
uniform,234,10,4
uniform,235,11,7
uniform,236,12,2
uniform,237,13,14
uniform,238,14,7
uniform,239,15,10
uniform,240,0,11
uniform,241,1,3
uniform,242,2,6
uniform,243,3,8
uniform,244,4,3
uniform,245,5,0
uniform,246,6,13
uniform,247,7,2
uniform,248,8,11
uniform,249,9,4
uniform,250,10,4
uniform,251,11,13
uniform,252,12,0
uniform,253,13,1
uniform,254,14,11
uniform,255,15,3
uniform,256,0,11
uniform,257,1,6
uniform,258,2,6
uniform,259,3,9
uniform,260,4,1
uniform,261,5,7
uniform,262,6,14
uniform,263,7,13
uniform,264,8,0
uniform,265,9,11
uniform,266,10,2
uniform,267,11,13
uniform,268,12,13
uniform,269,13,7
uniform,270,14,13
uniform,271,15,5
uniform,272,0,7
uniform,273,1,2
uniform,274,2,13
uniform,275,3,8
uniform,276,4,0
uniform,277,5,2
uniform,278,6,0
uniform,279,7,9
uniform,280,8,12
uniform,281,9,7
uniform,282,10,12
uniform,283,11,15
uniform,284,12,4
uniform,285,13,1
uniform,286,14,13
uniform,287,15,1
uniform,288,0,15
uniform,289,1,12
uniform,290,2,13
uniform,291,3,6
uniform,292,4,3
uniform,293,5,13
uniform,294,6,10
uniform,295,7,15
uniform,296,8,13
uniform,297,9,7
uniform,298,10,12
uniform,299,11,12
uniform,300,12,13
uniform,301,13,5
uniform,302,14,3
uniform,303,15,13
uniform,304,0,7
uniform,305,1,5
uniform,306,2,3
uniform,307,3,14
uniform,308,4,10
uniform,309,5,7
uniform,310,6,0
uniform,311,7,4
uniform,312,8,5
uniform,313,9,12
uniform,314,10,6
uniform,315,11,15
uniform,316,12,9
uniform,317,13,2
uniform,318,14,12
uniform,319,15,3
uniform,320,0,15
uniform,321,1,5
uniform,322,2,0
uniform,323,3,12
uniform,324,4,15
uniform,325,5,11
uniform,326,6,8
uniform,327,7,15
uniform,328,8,0
uniform,329,9,7
uniform,330,10,15
uniform,331,11,1
uniform,332,12,2
uniform,333,13,10
uniform,334,14,0
uniform,335,15,7
uniform,336,0,4
uniform,337,1,15
uniform,338,2,7
uniform,339,3,13
uniform,340,4,13
uniform,341,5,4
uniform,342,6,7
uniform,343,7,6
uniform,344,8,2
uniform,345,9,2
uniform,346,10,5
uniform,347,11,0
uniform,348,12,14
uniform,349,13,0
uniform,350,14,15
uniform,351,15,12
uniform,352,0,2
uniform,353,1,13
uniform,354,2,12
uniform,355,3,1
uniform,356,4,6
uniform,357,5,8
uniform,358,6,2
uniform,359,7,9
uniform,360,8,1
uniform,361,9,15
uniform,362,10,2
uniform,363,11,7
uniform,364,12,6
uniform,365,13,14
uniform,366,14,11
uniform,367,15,11
uniform,368,0,1
uniform,369,1,6
uniform,370,2,10
uniform,371,3,14
uniform,372,4,14
uniform,373,5,3
uniform,374,6,2
uniform,375,7,0
uniform,376,8,10
uniform,377,9,4
uniform,378,10,11
uniform,379,11,3
uniform,380,12,3
uniform,381,13,7
uniform,382,14,11
uniform,383,15,4
uniform,384,0,2
uniform,385,1,5
uniform,386,2,12
uniform,387,3,11
uniform,388,4,3
uniform,389,5,13
uniform,390,6,10
uniform,391,7,1
uniform,392,8,1
uniform,393,9,14
uniform,394,10,15
uniform,395,11,10
uniform,396,12,8
uniform,397,13,1
uniform,398,14,3
uniform,399,15,6
uniform,400,0,12
uniform,401,1,14
uniform,402,2,12
uniform,403,3,8
uniform,404,4,5
uniform,405,5,8
uniform,406,6,8
uniform,407,7,4
uniform,408,8,5
uniform,409,9,8
uniform,410,10,11
uniform,411,11,7
uniform,412,12,1
uniform,413,13,14
uniform,414,14,5
uniform,415,15,14
uniform,416,0,1
uniform,417,1,4
uniform,418,2,0
uniform,419,3,2
uniform,420,4,12
uniform,421,5,4
uniform,422,6,14
uniform,423,7,8
uniform,424,8,6
uniform,425,9,11
uniform,426,10,15
uniform,427,11,13
uniform,428,12,9
uniform,429,13,0
uniform,430,14,9
uniform,431,15,0
uniform,432,0,8
uniform,433,1,11
uniform,434,2,12
uniform,435,3,9
uniform,436,4,0
uniform,437,5,13
uniform,438,6,10
uniform,439,7,15
uniform,440,8,11
uniform,441,9,0
uniform,442,10,9
uniform,443,11,7
uniform,444,12,8
uniform,445,13,0
uniform,446,14,10
uniform,447,15,6
uniform,448,0,3
uniform,449,1,14
uniform,450,2,7
uniform,451,3,6
uniform,452,4,0
uniform,453,5,0
uniform,454,6,14
uniform,455,7,12
uniform,456,8,4
uniform,457,9,1
uniform,458,10,11
uniform,459,11,15
uniform,460,12,2
uniform,461,13,0
uniform,462,14,13
uniform,463,15,7
uniform,464,0,1
uniform,465,1,11
uniform,466,2,3
uniform,467,3,9
uniform,468,4,11
uniform,469,5,8
uniform,470,6,15
uniform,471,7,1
uniform,472,8,10
uniform,473,9,6
uniform,474,10,14
uniform,475,11,14
uniform,476,12,14
uniform,477,13,4
uniform,478,14,10
uniform,479,15,1
uniform,480,0,7
uniform,481,1,4
uniform,482,2,9
uniform,483,3,12
uniform,484,4,14
uniform,485,5,2
uniform,486,6,1
uniform,487,7,10
uniform,488,8,4
uniform,489,9,12
uniform,490,10,1
uniform,491,11,7
uniform,492,12,10
uniform,493,13,9
uniform,494,14,11
uniform,495,15,1
uniform,496,0,12
uniform,497,1,9
uniform,498,2,9
uniform,499,3,4
uniform,500,4,1
uniform,501,5,14
uniform,502,6,2
uniform,503,7,0
uniform,504,8,2
uniform,505,9,5
uniform,506,10,3
uniform,507,11,6
uniform,508,12,4
uniform,509,13,0
uniform,510,14,10
uniform,511,15,5
uniform,512,0,1
uniform,513,1,6
uniform,514,2,0
uniform,515,3,15
uniform,516,4,0
uniform,517,5,7
uniform,518,6,9
uniform,519,7,9
uniform,520,8,1
uniform,521,9,15
uniform,522,10,0
uniform,523,11,10
uniform,524,12,11
uniform,525,13,11
uniform,526,14,8
uniform,527,15,2
uniform,528,0,8
uniform,529,1,2
uniform,530,2,1
uniform,531,3,1
uniform,532,4,13
uniform,533,5,0
uniform,534,6,9
uniform,535,7,14
uniform,536,8,9
uniform,537,9,0
uniform,538,10,8
uniform,539,11,5
uniform,540,12,11
uniform,541,13,6
uniform,542,14,0
uniform,543,15,1
uniform,544,0,11
uniform,545,1,3
uniform,546,2,9
uniform,547,3,10
uniform,548,4,15
uniform,549,5,14
uniform,550,6,1
uniform,551,7,14
uniform,552,8,11
uniform,553,9,15
uniform,554,10,11
uniform,555,11,7
uniform,556,12,10
uniform,557,13,15
uniform,558,14,13
uniform,559,15,14
uniform,560,0,2
uniform,561,1,14
uniform,562,2,6
uniform,563,3,10
uniform,564,4,3
uniform,565,5,1
uniform,566,6,4
uniform,567,7,11
uniform,568,8,2
uniform,569,9,13
uniform,570,10,0
uniform,571,11,9
uniform,572,12,0
uniform,573,13,0
uniform,574,14,12
uniform,575,15,6
uniform,576,0,3
uniform,577,1,9
uniform,578,2,6
uniform,579,3,10
uniform,580,4,5
uniform,581,5,14
uniform,582,6,14
uniform,583,7,9
uniform,584,8,15
uniform,585,9,1
uniform,586,10,8
uniform,587,11,8
uniform,588,12,10
uniform,589,13,4
uniform,590,14,3
uniform,591,15,8
uniform,592,0,11
uniform,593,1,8
uniform,594,2,9
uniform,595,3,10
uniform,596,4,12
uniform,597,5,13
uniform,598,6,12
uniform,599,7,3
uniform,600,8,4
uniform,601,9,3
uniform,602,10,8
uniform,603,11,8
uniform,604,12,7
uniform,605,13,11
uniform,606,14,9
uniform,607,15,11
uniform,608,0,3
uniform,609,1,2
uniform,610,2,7
uniform,611,3,10
uniform,612,4,1
uniform,613,5,11
uniform,614,6,11
uniform,615,7,6
uniform,616,8,15
uniform,617,9,0
uniform,618,10,6
uniform,619,11,2
uniform,620,12,9
uniform,621,13,8
uniform,622,14,11
uniform,623,15,0
uniform,624,0,2
uniform,625,1,9
uniform,626,2,12
uniform,627,3,8
uniform,628,4,6
uniform,629,5,3
uniform,630,6,11
uniform,631,7,1
uniform,632,8,0
uniform,633,9,2
uniform,634,10,7
uniform,635,11,9
uniform,636,12,9
uniform,637,13,2
uniform,638,14,7
uniform,639,15,5
uniform,640,0,3
uniform,641,1,13
uniform,642,2,12
uniform,643,3,4
uniform,644,4,1
uniform,645,5,10
uniform,646,6,9
uniform,647,7,1
uniform,648,8,15
uniform,649,9,15
uniform,650,10,12
uniform,651,11,4
uniform,652,12,7
uniform,653,13,9
uniform,654,14,2
uniform,655,15,13
uniform,656,0,5
uniform,657,1,15
uniform,658,2,13
uniform,659,3,11
uniform,660,4,0
uniform,661,5,1
uniform,662,6,14
uniform,663,7,2
uniform,664,8,5
uniform,665,9,15
uniform,666,10,5
uniform,667,11,1
uniform,668,12,9
uniform,669,13,9
uniform,670,14,12
uniform,671,15,4
uniform,672,0,7
uniform,673,1,3
uniform,674,2,13
uniform,675,3,4
uniform,676,4,10
uniform,677,5,12
uniform,678,6,0
uniform,679,7,14
uniform,680,8,12
uniform,681,9,6
uniform,682,10,7
uniform,683,11,15
uniform,684,12,1
uniform,685,13,7
uniform,686,14,5
uniform,687,15,0
uniform,688,0,8
uniform,689,1,13
uniform,690,2,0
uniform,691,3,14
uniform,692,4,9
uniform,693,5,9
uniform,694,6,13
uniform,695,7,2
uniform,696,8,15
uniform,697,9,12
uniform,698,10,0
uniform,699,11,0
uniform,700,12,3
uniform,701,13,6
uniform,702,14,13
uniform,703,15,10
uniform,704,0,9
uniform,705,1,8
uniform,706,2,5
uniform,707,3,13
uniform,708,4,14
uniform,709,5,11
uniform,710,6,1
uniform,711,7,8
uniform,712,8,13
uniform,713,9,11
uniform,714,10,14
uniform,715,11,5
uniform,716,12,11
uniform,717,13,7
uniform,718,14,13
uniform,719,15,8
uniform,720,0,2
uniform,721,1,4
uniform,722,2,15
uniform,723,3,10
uniform,724,4,0
uniform,725,5,8
uniform,726,6,5
uniform,727,7,15
uniform,728,8,9
uniform,729,9,0
uniform,730,10,6
uniform,731,11,7
uniform,732,12,10
uniform,733,13,5
uniform,734,14,3
uniform,735,15,0
uniform,736,0,15
uniform,737,1,6
uniform,738,2,1
uniform,739,3,4
uniform,740,4,13
uniform,741,5,7
uniform,742,6,15
uniform,743,7,8
uniform,744,8,7
uniform,745,9,12
uniform,746,10,4
uniform,747,11,14
uniform,748,12,2
uniform,749,13,5
uniform,750,14,11
uniform,751,15,12
uniform,752,0,8
uniform,753,1,14
uniform,754,2,1
uniform,755,3,0
uniform,756,4,0
uniform,757,5,11
uniform,758,6,4
uniform,759,7,2
uniform,760,8,4
uniform,761,9,14
uniform,762,10,3
uniform,763,11,12
uniform,764,12,4
uniform,765,13,0
uniform,766,14,4
uniform,767,15,14
uniform,768,0,4
uniform,769,1,7
uniform,770,2,11
uniform,771,3,12
uniform,772,4,12
uniform,773,5,3
uniform,774,6,5
uniform,775,7,6
uniform,776,8,3
uniform,777,9,14
uniform,778,10,11
uniform,779,11,6
uniform,780,12,6
uniform,781,13,2
uniform,782,14,11
uniform,783,15,6
uniform,784,0,12
uniform,785,1,9
uniform,786,2,4
uniform,787,3,11
uniform,788,4,1
uniform,789,5,12
uniform,790,6,10
uniform,791,7,8
uniform,792,8,5
uniform,793,9,2
uniform,794,10,3
uniform,795,11,2
uniform,796,12,9
uniform,797,13,0
uniform,798,14,11
uniform,799,15,12
uniform,800,0,15
uniform,801,1,11
uniform,802,2,5
uniform,803,3,13
uniform,804,4,1
uniform,805,5,10
uniform,806,6,4
uniform,807,7,15
uniform,808,8,15
uniform,809,9,6
uniform,810,10,15
uniform,811,11,9
uniform,812,12,8
uniform,813,13,10
uniform,814,14,4
uniform,815,15,10
uniform,816,0,13
uniform,817,1,5
uniform,818,2,12
uniform,819,3,13
uniform,820,4,3
uniform,821,5,14
uniform,822,6,11
uniform,823,7,11
uniform,824,8,10
uniform,825,9,3
uniform,826,10,5
uniform,827,11,10
uniform,828,12,1
uniform,829,13,15
uniform,830,14,9
uniform,831,15,7
uniform,832,0,14
uniform,833,1,7
uniform,834,2,3
uniform,835,3,14
uniform,836,4,1
uniform,837,5,6
uniform,838,6,8
uniform,839,7,12
uniform,840,8,6
uniform,841,9,12
uniform,842,10,15
uniform,843,11,4
uniform,844,12,0
uniform,845,13,3
uniform,846,14,0
uniform,847,15,3
uniform,848,0,15
uniform,849,1,11
uniform,850,2,13
uniform,851,3,4
uniform,852,4,10
uniform,853,5,1
uniform,854,6,0
uniform,855,7,4
uniform,856,8,1
uniform,857,9,3
uniform,858,10,5
uniform,859,11,1
uniform,860,12,9
uniform,861,13,4
uniform,862,14,2
uniform,863,15,0
uniform,864,0,13
uniform,865,1,10
uniform,866,2,11
uniform,867,3,14
uniform,868,4,2
uniform,869,5,14
uniform,870,6,9
uniform,871,7,11
uniform,872,8,7
uniform,873,9,15
uniform,874,10,5
uniform,875,11,9
uniform,876,12,11
uniform,877,13,3
uniform,878,14,0
uniform,879,15,12
uniform,880,0,1
uniform,881,1,7
uniform,882,2,7
uniform,883,3,13
uniform,884,4,13
uniform,885,5,2
uniform,886,6,13
uniform,887,7,13
uniform,888,8,13
uniform,889,9,8
uniform,890,10,2
uniform,891,11,6
uniform,892,12,2
uniform,893,13,0
uniform,894,14,9
uniform,895,15,12
uniform,896,0,3
uniform,897,1,15
uniform,898,2,4
uniform,899,3,1
uniform,900,4,13
uniform,901,5,3
uniform,902,6,11
uniform,903,7,14
uniform,904,8,2
uniform,905,9,3
uniform,906,10,12
uniform,907,11,1
uniform,908,12,6
uniform,909,13,8
uniform,910,14,5
uniform,911,15,8
uniform,912,0,5
uniform,913,1,0
uniform,914,2,15
uniform,915,3,2
uniform,916,4,1
uniform,917,5,10
uniform,918,6,10
uniform,919,7,12
uniform,920,8,12
uniform,921,9,5
uniform,922,10,7
uniform,923,11,8
uniform,924,12,1
uniform,925,13,11
uniform,926,14,4
uniform,927,15,7
uniform,928,0,4
uniform,929,1,6
uniform,930,2,13
uniform,931,3,14
uniform,932,4,3
uniform,933,5,10
uniform,934,6,8
uniform,935,7,12
uniform,936,8,3
uniform,937,9,10
uniform,938,10,8
uniform,939,11,2
uniform,940,12,11
uniform,941,13,9
uniform,942,14,9
uniform,943,15,7
uniform,944,0,14
uniform,945,1,12
uniform,946,2,3
uniform,947,3,15
uniform,948,4,6
uniform,949,5,13
uniform,950,6,9
uniform,951,7,4
uniform,952,8,5
uniform,953,9,8
uniform,954,10,9
uniform,955,11,5
uniform,956,12,13
uniform,957,13,9
uniform,958,14,3
uniform,959,15,14
uniform,960,0,1
uniform,961,1,9
uniform,962,2,1
uniform,963,3,11
uniform,964,4,9
uniform,965,5,8
uniform,966,6,8
uniform,967,7,9
uniform,968,8,2
uniform,969,9,11
uniform,970,10,11
uniform,971,11,13
uniform,972,12,1
uniform,973,13,15
uniform,974,14,0
uniform,975,15,12
uniform,976,0,1
uniform,977,1,11
uniform,978,2,1
uniform,979,3,9
uniform,980,4,7
uniform,981,5,9
uniform,982,6,4
uniform,983,7,10
uniform,984,8,3
uniform,985,9,15
uniform,986,10,0
uniform,987,11,10
uniform,988,12,3
uniform,989,13,10
uniform,990,14,3
uniform,991,15,4
uniform,992,0,12
uniform,993,1,9
uniform,994,2,6
uniform,995,3,5
uniform,996,4,6
uniform,997,5,1
uniform,998,6,15
uniform,999,7,9
uniform,1000,8,4
uniform,1001,9,10
uniform,1002,10,8
uniform,1003,11,15
uniform,1004,12,14
uniform,1005,13,2
uniform,1006,14,7
uniform,1007,15,3
uniform,1008,0,3
uniform,1009,1,15
uniform,1010,2,10
uniform,1011,3,5
uniform,1012,4,15
uniform,1013,5,14
uniform,1014,6,5
uniform,1015,7,15
uniform,1016,8,0
uniform,1017,9,6
uniform,1018,10,11
uniform,1019,11,8
uniform,1020,12,1
uniform,1021,13,0
uniform,1022,14,6
uniform,1023,15,6
uniform,1024,0,13
uniform,1025,1,0
uniform,1026,2,8
uniform,1027,3,10
uniform,1028,4,6
uniform,1029,5,11
uniform,1030,6,1
uniform,1031,7,9
uniform,1032,8,13
uniform,1033,9,8
uniform,1034,10,14
uniform,1035,11,15
uniform,1036,12,15
uniform,1037,13,6
uniform,1038,14,9
uniform,1039,15,0
uniform,1040,0,8
uniform,1041,1,10
uniform,1042,2,10
uniform,1043,3,1
uniform,1044,4,13
uniform,1045,5,13
uniform,1046,6,2
uniform,1047,7,1
uniform,1048,8,10
uniform,1049,9,7
uniform,1050,10,15
uniform,1051,11,0
uniform,1052,12,8
uniform,1053,13,4
uniform,1054,14,12
uniform,1055,15,14
uniform,1056,0,15
uniform,1057,1,6
uniform,1058,2,0
uniform,1059,3,2
uniform,1060,4,15
uniform,1061,5,11
uniform,1062,6,5
uniform,1063,7,11
uniform,1064,8,5
uniform,1065,9,4
uniform,1066,10,14
uniform,1067,11,2
uniform,1068,12,7
uniform,1069,13,14
uniform,1070,14,7
uniform,1071,15,12
uniform,1072,0,8
uniform,1073,1,14
uniform,1074,2,12
uniform,1075,3,2
uniform,1076,4,2
uniform,1077,5,6
uniform,1078,6,14
uniform,1079,7,10
uniform,1080,8,10
uniform,1081,9,12
uniform,1082,10,2
uniform,1083,11,5
uniform,1084,12,4
uniform,1085,13,12
uniform,1086,14,9
uniform,1087,15,5
uniform,1088,0,4
uniform,1089,1,4
uniform,1090,2,11
uniform,1091,3,0
uniform,1092,4,1
uniform,1093,5,3
uniform,1094,6,0
uniform,1095,7,15
uniform,1096,8,0
uniform,1097,9,2
uniform,1098,10,4
uniform,1099,11,8
uniform,1100,12,14
uniform,1101,13,12
uniform,1102,14,5
uniform,1103,15,7
uniform,1104,0,6
uniform,1105,1,8
uniform,1106,2,14
uniform,1107,3,8
uniform,1108,4,6
uniform,1109,5,6
uniform,1110,6,4
uniform,1111,7,10
uniform,1112,8,9
uniform,1113,9,6
uniform,1114,10,3
uniform,1115,11,7
uniform,1116,12,3
uniform,1117,13,10
uniform,1118,14,7
uniform,1119,15,1
uniform,1120,0,6
uniform,1121,1,6
uniform,1122,2,14
uniform,1123,3,15
uniform,1124,4,6
uniform,1125,5,11
uniform,1126,6,11
uniform,1127,7,8
uniform,1128,8,2
uniform,1129,9,5
uniform,1130,10,14
uniform,1131,11,7
uniform,1132,12,4
uniform,1133,13,0
uniform,1134,14,0
uniform,1135,15,1
uniform,1136,0,11
uniform,1137,1,2
uniform,1138,2,10
uniform,1139,3,15
uniform,1140,4,13
uniform,1141,5,15
uniform,1142,6,7
uniform,1143,7,14
uniform,1144,8,10
uniform,1145,9,1
uniform,1146,10,12
uniform,1147,11,13
uniform,1148,12,13
uniform,1149,13,14
uniform,1150,14,4
uniform,1151,15,8
uniform,1152,0,4
uniform,1153,1,13
uniform,1154,2,9
uniform,1155,3,8
uniform,1156,4,0
uniform,1157,5,15
uniform,1158,6,3
uniform,1159,7,12
uniform,1160,8,13
uniform,1161,9,3
uniform,1162,10,8
uniform,1163,11,5
uniform,1164,12,14
uniform,1165,13,4
uniform,1166,14,1
uniform,1167,15,5
uniform,1168,0,11
uniform,1169,1,13
uniform,1170,2,15
uniform,1171,3,12
uniform,1172,4,7
uniform,1173,5,14
uniform,1174,6,3
uniform,1175,7,10
uniform,1176,8,7
uniform,1177,9,11
uniform,1178,10,6
uniform,1179,11,0
uniform,1180,12,3
uniform,1181,13,15
uniform,1182,14,9
uniform,1183,15,4
uniform,1184,0,14
uniform,1185,1,6
uniform,1186,2,8
uniform,1187,3,13
uniform,1188,4,1
uniform,1189,5,2
uniform,1190,6,9
uniform,1191,7,10
uniform,1192,8,1
uniform,1193,9,5
uniform,1194,10,3
uniform,1195,11,14
uniform,1196,12,2
uniform,1197,13,15
uniform,1198,14,13
uniform,1199,15,4
uniform,1200,0,13
uniform,1201,1,2
uniform,1202,2,10
uniform,1203,3,12
uniform,1204,4,0
uniform,1205,5,7
uniform,1206,6,14
uniform,1207,7,11
uniform,1208,8,11
uniform,1209,9,14
uniform,1210,10,11
uniform,1211,11,10
uniform,1212,12,8
uniform,1213,13,10
uniform,1214,14,0
uniform,1215,15,6
uniform,1216,0,15
uniform,1217,1,6
uniform,1218,2,10
uniform,1219,3,2
uniform,1220,4,12
uniform,1221,5,9
uniform,1222,6,7
uniform,1223,7,4
uniform,1224,8,6
uniform,1225,9,7
uniform,1226,10,14
uniform,1227,11,5
uniform,1228,12,6
uniform,1229,13,15
uniform,1230,14,8
uniform,1231,15,7
uniform,1232,0,2
uniform,1233,1,7
uniform,1234,2,13
uniform,1235,3,2
uniform,1236,4,0
uniform,1237,5,2
uniform,1238,6,9
uniform,1239,7,11
uniform,1240,8,0
uniform,1241,9,1
uniform,1242,10,14
uniform,1243,11,1
uniform,1244,12,5
uniform,1245,13,9
uniform,1246,14,1
uniform,1247,15,11
uniform,1248,0,3
uniform,1249,1,4
uniform,1250,2,1
uniform,1251,3,1
uniform,1252,4,1
uniform,1253,5,6
uniform,1254,6,2
uniform,1255,7,5
uniform,1256,8,15
uniform,1257,9,2
uniform,1258,10,14
uniform,1259,11,12
uniform,1260,12,14
uniform,1261,13,6
uniform,1262,14,13
uniform,1263,15,7
uniform,1264,0,12
uniform,1265,1,4
uniform,1266,2,10
uniform,1267,3,11
uniform,1268,4,12
uniform,1269,5,0
uniform,1270,6,4
uniform,1271,7,4
uniform,1272,8,7
uniform,1273,9,1
uniform,1274,10,3
uniform,1275,11,10
uniform,1276,12,15
uniform,1277,13,9
uniform,1278,14,7
uniform,1279,15,9
uniform,1280,0,9
uniform,1281,1,7
uniform,1282,2,15
uniform,1283,3,7
uniform,1284,4,3
uniform,1285,5,9
uniform,1286,6,9
uniform,1287,7,1
uniform,1288,8,3
uniform,1289,9,10
uniform,1290,10,1
uniform,1291,11,6
uniform,1292,12,3
uniform,1293,13,7
uniform,1294,14,8
uniform,1295,15,5
uniform,1296,0,10
uniform,1297,1,5
uniform,1298,2,7
uniform,1299,3,4
uniform,1300,4,6
uniform,1301,5,15
uniform,1302,6,4
uniform,1303,7,0
uniform,1304,8,1
uniform,1305,9,5
uniform,1306,10,9
uniform,1307,11,13
uniform,1308,12,9
uniform,1309,13,9
uniform,1310,14,11
uniform,1311,15,6
uniform,1312,0,2
uniform,1313,1,9
uniform,1314,2,5
uniform,1315,3,5
uniform,1316,4,15
uniform,1317,5,6
uniform,1318,6,0
uniform,1319,7,6
uniform,1320,8,5
uniform,1321,9,11
uniform,1322,10,9
uniform,1323,11,13
uniform,1324,12,13
uniform,1325,13,10
uniform,1326,14,15
uniform,1327,15,0
uniform,1328,0,5
uniform,1329,1,11
uniform,1330,2,9
uniform,1331,3,6
uniform,1332,4,11
uniform,1333,5,1
uniform,1334,6,1
uniform,1335,7,5
uniform,1336,8,0
uniform,1337,9,10
uniform,1338,10,6
uniform,1339,11,2
uniform,1340,12,5
uniform,1341,13,10
uniform,1342,14,13
uniform,1343,15,4
uniform,1344,0,3
uniform,1345,1,7
uniform,1346,2,8
uniform,1347,3,15
uniform,1348,4,11
uniform,1349,5,15
uniform,1350,6,11
uniform,1351,7,6
uniform,1352,8,11
uniform,1353,9,6
uniform,1354,10,12
uniform,1355,11,6
uniform,1356,12,14
uniform,1357,13,15
uniform,1358,14,3
uniform,1359,15,0
uniform,1360,0,5
uniform,1361,1,7
uniform,1362,2,5
uniform,1363,3,6
uniform,1364,4,15
uniform,1365,5,12
uniform,1366,6,13
uniform,1367,7,15
uniform,1368,8,1
uniform,1369,9,3
uniform,1370,10,8
uniform,1371,11,12
uniform,1372,12,0
uniform,1373,13,0
uniform,1374,14,13
uniform,1375,15,12
uniform,1376,0,6
uniform,1377,1,8
uniform,1378,2,10
uniform,1379,3,12
uniform,1380,4,12
uniform,1381,5,12
uniform,1382,6,15
uniform,1383,7,1
uniform,1384,8,7
uniform,1385,9,7
uniform,1386,10,11
uniform,1387,11,15
uniform,1388,12,13
uniform,1389,13,2
uniform,1390,14,8
uniform,1391,15,0
uniform,1392,0,4
uniform,1393,1,2
uniform,1394,2,6
uniform,1395,3,0
uniform,1396,4,8
uniform,1397,5,2
uniform,1398,6,7
uniform,1399,7,9
uniform,1400,8,2
uniform,1401,9,6
uniform,1402,10,7
uniform,1403,11,6
uniform,1404,12,8
uniform,1405,13,1
uniform,1406,14,6
uniform,1407,15,2
uniform,1408,0,15
uniform,1409,1,4
uniform,1410,2,14
uniform,1411,3,12
uniform,1412,4,11
uniform,1413,5,2
uniform,1414,6,2
uniform,1415,7,13
uniform,1416,8,12
uniform,1417,9,10
uniform,1418,10,2
uniform,1419,11,12
uniform,1420,12,15
uniform,1421,13,11
uniform,1422,14,9
uniform,1423,15,2
uniform,1424,0,11
uniform,1425,1,6
uniform,1426,2,13
uniform,1427,3,2
uniform,1428,4,13
uniform,1429,5,6
uniform,1430,6,12
uniform,1431,7,14
uniform,1432,8,13
uniform,1433,9,10
uniform,1434,10,13
uniform,1435,11,9
uniform,1436,12,9
uniform,1437,13,6
uniform,1438,14,5
uniform,1439,15,5
uniform,1440,0,7
uniform,1441,1,3
uniform,1442,2,10
uniform,1443,3,5
uniform,1444,4,11
uniform,1445,5,4
uniform,1446,6,13
uniform,1447,7,0
uniform,1448,8,0
uniform,1449,9,5
uniform,1450,10,15
uniform,1451,11,9
uniform,1452,12,13
uniform,1453,13,8
uniform,1454,14,9
uniform,1455,15,0
uniform,1456,0,11
uniform,1457,1,9
uniform,1458,2,5
uniform,1459,3,15
uniform,1460,4,8
uniform,1461,5,0
uniform,1462,6,7
uniform,1463,7,3
uniform,1464,8,12
uniform,1465,9,0
uniform,1466,10,3
uniform,1467,11,1
uniform,1468,12,1
uniform,1469,13,6
uniform,1470,14,8
uniform,1471,15,5
uniform,1472,0,8
uniform,1473,1,9
uniform,1474,2,10
uniform,1475,3,11
uniform,1476,4,9
uniform,1477,5,0
uniform,1478,6,9
uniform,1479,7,4
uniform,1480,8,1
uniform,1481,9,6
uniform,1482,10,7
uniform,1483,11,5
uniform,1484,12,7
uniform,1485,13,4
uniform,1486,14,5
uniform,1487,15,9
uniform,1488,0,14
uniform,1489,1,5
uniform,1490,2,12
uniform,1491,3,15
uniform,1492,4,11
uniform,1493,5,11
uniform,1494,6,4
uniform,1495,7,12
uniform,1496,8,1
uniform,1497,9,10
uniform,1498,10,2
uniform,1499,11,5
uniform,1500,12,9
uniform,1501,13,12
uniform,1502,14,0
uniform,1503,15,10
uniform,1504,0,5
uniform,1505,1,7
uniform,1506,2,6
uniform,1507,3,0
uniform,1508,4,10
uniform,1509,5,2
uniform,1510,6,2
uniform,1511,7,1
uniform,1512,8,3
uniform,1513,9,11
uniform,1514,10,14
uniform,1515,11,7
uniform,1516,12,11
uniform,1517,13,8
uniform,1518,14,0
uniform,1519,15,7
uniform,1520,0,2
uniform,1521,1,8
uniform,1522,2,11
uniform,1523,3,13
uniform,1524,4,1
uniform,1525,5,4
uniform,1526,6,10
uniform,1527,7,1
uniform,1528,8,12
uniform,1529,9,3
uniform,1530,10,9
uniform,1531,11,14
uniform,1532,12,15
uniform,1533,13,7
uniform,1534,14,6
uniform,1535,15,8
uniform,1536,0,15
uniform,1537,1,0
uniform,1538,2,11
uniform,1539,3,8
uniform,1540,4,5
uniform,1541,5,15
uniform,1542,6,2
uniform,1543,7,13
uniform,1544,8,7
uniform,1545,9,14
uniform,1546,10,9
uniform,1547,11,15
uniform,1548,12,2
uniform,1549,13,10
uniform,1550,14,2
uniform,1551,15,1
uniform,1552,0,9
uniform,1553,1,12
uniform,1554,2,6
uniform,1555,3,7
uniform,1556,4,11
uniform,1557,5,6
uniform,1558,6,7
uniform,1559,7,11
uniform,1560,8,3
uniform,1561,9,11
uniform,1562,10,12
uniform,1563,11,15
uniform,1564,12,13
uniform,1565,13,6
uniform,1566,14,3
uniform,1567,15,2
uniform,1568,0,13
uniform,1569,1,10
uniform,1570,2,14
uniform,1571,3,15
uniform,1572,4,7
uniform,1573,5,6
uniform,1574,6,9
uniform,1575,7,11
uniform,1576,8,7
uniform,1577,9,0
uniform,1578,10,1
uniform,1579,11,8
uniform,1580,12,3
uniform,1581,13,9
uniform,1582,14,11
uniform,1583,15,11
uniform,1584,0,9
uniform,1585,1,0
uniform,1586,2,12
uniform,1587,3,1
uniform,1588,4,3
uniform,1589,5,0
uniform,1590,6,15
uniform,1591,7,10
uniform,1592,8,12
uniform,1593,9,10
uniform,1594,10,5
uniform,1595,11,13
uniform,1596,12,6
uniform,1597,13,11
uniform,1598,14,13
uniform,1599,15,6
uniform,1600,0,7
uniform,1601,1,14
uniform,1602,2,11
uniform,1603,3,13
uniform,1604,4,8
uniform,1605,5,8
uniform,1606,6,9
uniform,1607,7,4
uniform,1608,8,0
uniform,1609,9,10
uniform,1610,10,13
uniform,1611,11,9
uniform,1612,12,3
uniform,1613,13,10
uniform,1614,14,8
uniform,1615,15,2
uniform,1616,0,15
uniform,1617,1,8
uniform,1618,2,8
uniform,1619,3,1
uniform,1620,4,8
uniform,1621,5,3
uniform,1622,6,13
uniform,1623,7,9
uniform,1624,8,13
uniform,1625,9,7
uniform,1626,10,11
uniform,1627,11,9
uniform,1628,12,3
uniform,1629,13,15
uniform,1630,14,15
uniform,1631,15,12
uniform,1632,0,5
uniform,1633,1,11
uniform,1634,2,0
uniform,1635,3,10
uniform,1636,4,15
uniform,1637,5,11
uniform,1638,6,9
uniform,1639,7,4
uniform,1640,8,11
uniform,1641,9,3
uniform,1642,10,13
uniform,1643,11,2
uniform,1644,12,8
uniform,1645,13,5
uniform,1646,14,0
uniform,1647,15,12
uniform,1648,0,1
uniform,1649,1,9
uniform,1650,2,8
uniform,1651,3,10
uniform,1652,4,10
uniform,1653,5,12
uniform,1654,6,11
uniform,1655,7,2
uniform,1656,8,11
uniform,1657,9,8
uniform,1658,10,12
uniform,1659,11,0
uniform,1660,12,6
uniform,1661,13,1
uniform,1662,14,12
uniform,1663,15,13
uniform,1664,0,5
uniform,1665,1,14
uniform,1666,2,15
uniform,1667,3,10
uniform,1668,4,11
uniform,1669,5,12
uniform,1670,6,3
uniform,1671,7,6
uniform,1672,8,5
uniform,1673,9,8
uniform,1674,10,4
uniform,1675,11,10
uniform,1676,12,3
uniform,1677,13,1
uniform,1678,14,11
uniform,1679,15,5
uniform,1680,0,8
uniform,1681,1,12
uniform,1682,2,7
uniform,1683,3,13
uniform,1684,4,9
uniform,1685,5,0
uniform,1686,6,9
uniform,1687,7,5
uniform,1688,8,2
uniform,1689,9,7
uniform,1690,10,6
uniform,1691,11,4
uniform,1692,12,2
uniform,1693,13,2
uniform,1694,14,15
uniform,1695,15,0
uniform,1696,0,14
uniform,1697,1,15
uniform,1698,2,11
uniform,1699,3,9
uniform,1700,4,15
uniform,1701,5,1
uniform,1702,6,8
uniform,1703,7,1
uniform,1704,8,4
uniform,1705,9,7
uniform,1706,10,12
uniform,1707,11,9
uniform,1708,12,9
uniform,1709,13,4
uniform,1710,14,6
uniform,1711,15,13
uniform,1712,0,13
uniform,1713,1,15
uniform,1714,2,11
uniform,1715,3,9
uniform,1716,4,7
uniform,1717,5,11
uniform,1718,6,3
uniform,1719,7,1
uniform,1720,8,7
uniform,1721,9,8
uniform,1722,10,6
uniform,1723,11,10
uniform,1724,12,8
uniform,1725,13,6
uniform,1726,14,4
uniform,1727,15,2
uniform,1728,0,8
uniform,1729,1,4
uniform,1730,2,9
uniform,1731,3,13
uniform,1732,4,1
uniform,1733,5,3
uniform,1734,6,5
uniform,1735,7,3
uniform,1736,8,0
uniform,1737,9,8
uniform,1738,10,11
uniform,1739,11,12
uniform,1740,12,14
uniform,1741,13,4
uniform,1742,14,3
uniform,1743,15,10
uniform,1744,0,6
uniform,1745,1,13
uniform,1746,2,9
uniform,1747,3,1
uniform,1748,4,13
uniform,1749,5,12
uniform,1750,6,14
uniform,1751,7,12
uniform,1752,8,5
uniform,1753,9,2
uniform,1754,10,6
uniform,1755,11,1
uniform,1756,12,9
uniform,1757,13,6
uniform,1758,14,4
uniform,1759,15,2
uniform,1760,0,14
uniform,1761,1,8
uniform,1762,2,8
uniform,1763,3,8
uniform,1764,4,6
uniform,1765,5,6
uniform,1766,6,8
uniform,1767,7,14
uniform,1768,8,11
uniform,1769,9,12
uniform,1770,10,11
uniform,1771,11,7
uniform,1772,12,4
uniform,1773,13,6
uniform,1774,14,7
uniform,1775,15,13
uniform,1776,0,4
uniform,1777,1,12
uniform,1778,2,4
uniform,1779,3,5
uniform,1780,4,5
uniform,1781,5,3
uniform,1782,6,10
uniform,1783,7,3
uniform,1784,8,9
uniform,1785,9,2
uniform,1786,10,15
uniform,1787,11,10
uniform,1788,12,4
uniform,1789,13,5
uniform,1790,14,5
uniform,1791,15,11
uniform,1792,0,2
uniform,1793,1,7
uniform,1794,2,0
uniform,1795,3,10
uniform,1796,4,10
uniform,1797,5,13
uniform,1798,6,0
uniform,1799,7,9
uniform,1800,8,7
uniform,1801,9,3
uniform,1802,10,8
uniform,1803,11,4
uniform,1804,12,11
uniform,1805,13,4
uniform,1806,14,4
uniform,1807,15,6
uniform,1808,0,10
uniform,1809,1,2
uniform,1810,2,1
uniform,1811,3,14
uniform,1812,4,6
uniform,1813,5,7
uniform,1814,6,0
uniform,1815,7,13
uniform,1816,8,3
uniform,1817,9,10
uniform,1818,10,1
uniform,1819,11,3
uniform,1820,12,8
uniform,1821,13,5
uniform,1822,14,4
uniform,1823,15,8
uniform,1824,0,5
uniform,1825,1,10
uniform,1826,2,8
uniform,1827,3,5
uniform,1828,4,10
uniform,1829,5,13
uniform,1830,6,0
uniform,1831,7,13
uniform,1832,8,2
uniform,1833,9,14
uniform,1834,10,14
uniform,1835,11,4
uniform,1836,12,5
uniform,1837,13,12
uniform,1838,14,8
uniform,1839,15,9
uniform,1840,0,3
uniform,1841,1,0
uniform,1842,2,7
uniform,1843,3,11
uniform,1844,4,13
uniform,1845,5,4
uniform,1846,6,8
uniform,1847,7,13
uniform,1848,8,3
uniform,1849,9,13
uniform,1850,10,12
uniform,1851,11,8
uniform,1852,12,2
uniform,1853,13,15
uniform,1854,14,12
uniform,1855,15,1
uniform,1856,0,8
uniform,1857,1,5
uniform,1858,2,0
uniform,1859,3,0
uniform,1860,4,15
uniform,1861,5,6
uniform,1862,6,7
uniform,1863,7,9
uniform,1864,8,15
uniform,1865,9,4
uniform,1866,10,3
uniform,1867,11,15
uniform,1868,12,11
uniform,1869,13,8
uniform,1870,14,2
uniform,1871,15,10
uniform,1872,0,12
uniform,1873,1,4
uniform,1874,2,13
uniform,1875,3,8
uniform,1876,4,7
uniform,1877,5,3
uniform,1878,6,5
uniform,1879,7,4
uniform,1880,8,15
uniform,1881,9,14
uniform,1882,10,0
uniform,1883,11,0
uniform,1884,12,10
uniform,1885,13,4
uniform,1886,14,11
uniform,1887,15,0
uniform,1888,0,9
uniform,1889,1,0
uniform,1890,2,1
uniform,1891,3,9
uniform,1892,4,15
uniform,1893,5,9
uniform,1894,6,11
uniform,1895,7,10
uniform,1896,8,0
uniform,1897,9,13
uniform,1898,10,15
uniform,1899,11,7
uniform,1900,12,15
uniform,1901,13,15
uniform,1902,14,2
uniform,1903,15,7
uniform,1904,0,11
uniform,1905,1,8
uniform,1906,2,5
uniform,1907,3,2
uniform,1908,4,12
uniform,1909,5,11
uniform,1910,6,11
uniform,1911,7,10
uniform,1912,8,15
uniform,1913,9,15
uniform,1914,10,7
uniform,1915,11,3
uniform,1916,12,11
uniform,1917,13,4
uniform,1918,14,9
uniform,1919,15,8
uniform,1920,0,2
uniform,1921,1,13
uniform,1922,2,9
uniform,1923,3,4
uniform,1924,4,11
uniform,1925,5,1
uniform,1926,6,4
uniform,1927,7,15
uniform,1928,8,9
uniform,1929,9,10
uniform,1930,10,1
uniform,1931,11,6
uniform,1932,12,13
uniform,1933,13,3
uniform,1934,14,4
uniform,1935,15,9
uniform,1936,0,8
uniform,1937,1,9
uniform,1938,2,6
uniform,1939,3,12
uniform,1940,4,2
uniform,1941,5,0
uniform,1942,6,5
uniform,1943,7,9
uniform,1944,8,3
uniform,1945,9,14
uniform,1946,10,1
uniform,1947,11,3
uniform,1948,12,2
uniform,1949,13,3
uniform,1950,14,0
uniform,1951,15,14
uniform,1952,0,12
uniform,1953,1,7
uniform,1954,2,8
uniform,1955,3,0
uniform,1956,4,12
uniform,1957,5,3
uniform,1958,6,11
uniform,1959,7,13
uniform,1960,8,12
uniform,1961,9,1
uniform,1962,10,5
uniform,1963,11,0
uniform,1964,12,15
uniform,1965,13,10
uniform,1966,14,3
uniform,1967,15,0
uniform,1968,0,2
uniform,1969,1,10
uniform,1970,2,9
uniform,1971,3,0
uniform,1972,4,3
uniform,1973,5,4
uniform,1974,6,0
uniform,1975,7,15
uniform,1976,8,9
uniform,1977,9,5
uniform,1978,10,5
uniform,1979,11,14
uniform,1980,12,15
uniform,1981,13,4
uniform,1982,14,1
uniform,1983,15,7
uniform,1984,0,15
uniform,1985,1,2
uniform,1986,2,15
uniform,1987,3,0
uniform,1988,4,0
uniform,1989,5,8
uniform,1990,6,10
uniform,1991,7,6
uniform,1992,8,1
uniform,1993,9,8
uniform,1994,10,2
uniform,1995,11,15
uniform,1996,12,14
uniform,1997,13,3
uniform,1998,14,9
uniform,1999,15,9
uniform,2000,0,9
uniform,2001,1,10
uniform,2002,2,13
uniform,2003,3,10
uniform,2004,4,14
uniform,2005,5,4
uniform,2006,6,13
uniform,2007,7,9
uniform,2008,8,13
uniform,2009,9,5
uniform,2010,10,14
uniform,2011,11,10
uniform,2012,12,1
uniform,2013,13,10
uniform,2014,14,6
uniform,2015,15,1
uniform,2016,0,3
uniform,2017,1,2
uniform,2018,2,4
uniform,2019,3,10
uniform,2020,4,7
uniform,2021,5,8
uniform,2022,6,14
uniform,2023,7,6
uniform,2024,8,6
uniform,2025,9,13
uniform,2026,10,6
uniform,2027,11,9
uniform,2028,12,14
uniform,2029,13,15
uniform,2030,14,1
uniform,2031,15,12
uniform,2032,0,13
uniform,2033,1,10
uniform,2034,2,11
uniform,2035,3,15
uniform,2036,4,2
uniform,2037,5,9
uniform,2038,6,2
uniform,2039,7,6
uniform,2040,8,6
uniform,2041,9,4
uniform,2042,10,6
uniform,2043,11,9
uniform,2044,12,5
uniform,2045,13,11
uniform,2046,14,10
uniform,2047,15,13
uniform,2048,0,8
uniform,2049,1,11
uniform,2050,2,10
uniform,2051,3,7
uniform,2052,4,3
uniform,2053,5,4
uniform,2054,6,12
uniform,2055,7,2
uniform,2056,8,3
uniform,2057,9,7
uniform,2058,10,11
uniform,2059,11,10
uniform,2060,12,13
uniform,2061,13,0
uniform,2062,14,1
uniform,2063,15,12
uniform,2064,0,9
uniform,2065,1,12
uniform,2066,2,11
uniform,2067,3,0
uniform,2068,4,5
uniform,2069,5,3
uniform,2070,6,1
uniform,2071,7,15
uniform,2072,8,1
uniform,2073,9,4
uniform,2074,10,9
uniform,2075,11,5
uniform,2076,12,6
uniform,2077,13,6
uniform,2078,14,3
uniform,2079,15,0
uniform,2080,0,9
uniform,2081,1,5
uniform,2082,2,6
uniform,2083,3,1
uniform,2084,4,12
uniform,2085,5,15
uniform,2086,6,5
uniform,2087,7,11
uniform,2088,8,4
uniform,2089,9,2
uniform,2090,10,2
uniform,2091,11,6
uniform,2092,12,0
uniform,2093,13,2
uniform,2094,14,8
uniform,2095,15,1
uniform,2096,0,7
uniform,2097,1,13
uniform,2098,2,11
uniform,2099,3,9
uniform,2100,4,9
uniform,2101,5,11
uniform,2102,6,10
uniform,2103,7,12
uniform,2104,8,4
uniform,2105,9,3
uniform,2106,10,14
uniform,2107,11,3
uniform,2108,12,13
uniform,2109,13,10
uniform,2110,14,8
uniform,2111,15,0
uniform,2112,0,2
uniform,2113,1,4
uniform,2114,2,13
uniform,2115,3,7
uniform,2116,4,12
uniform,2117,5,8
uniform,2118,6,1
uniform,2119,7,1
uniform,2120,8,13
uniform,2121,9,1
uniform,2122,10,14
uniform,2123,11,12
uniform,2124,12,8
uniform,2125,13,10
uniform,2126,14,9
uniform,2127,15,4
uniform,2128,0,10
uniform,2129,1,6
uniform,2130,2,3
uniform,2131,3,5
uniform,2132,4,10
uniform,2133,5,10
uniform,2134,6,0
uniform,2135,7,8
uniform,2136,8,10
uniform,2137,9,1
uniform,2138,10,3
uniform,2139,11,8
uniform,2140,12,10
uniform,2141,13,0
uniform,2142,14,1
uniform,2143,15,8
uniform,2144,0,6
uniform,2145,1,8
uniform,2146,2,5
uniform,2147,3,11
uniform,2148,4,0
uniform,2149,5,13
uniform,2150,6,14
uniform,2151,7,13
uniform,2152,8,14
uniform,2153,9,11
uniform,2154,10,15
uniform,2155,11,2
uniform,2156,12,1
uniform,2157,13,3
uniform,2158,14,5
uniform,2159,15,13
uniform,2160,0,11
uniform,2161,1,13
uniform,2162,2,15
uniform,2163,3,10
uniform,2164,4,12
uniform,2165,5,7
uniform,2166,6,4
uniform,2167,7,11
uniform,2168,8,10
uniform,2169,9,10
uniform,2170,10,1
uniform,2171,11,15
uniform,2172,12,8
uniform,2173,13,15
uniform,2174,14,4
uniform,2175,15,3
uniform,2176,0,15
uniform,2177,1,15
uniform,2178,2,15
uniform,2179,3,12
uniform,2180,4,6
uniform,2181,5,13
uniform,2182,6,2
uniform,2183,7,15
uniform,2184,8,9
uniform,2185,9,11
uniform,2186,10,6
uniform,2187,11,13
uniform,2188,12,6
uniform,2189,13,6
uniform,2190,14,5
uniform,2191,15,11
uniform,2192,0,11
uniform,2193,1,9
uniform,2194,2,13
uniform,2195,3,5
uniform,2196,4,3
uniform,2197,5,14
uniform,2198,6,2
uniform,2199,7,8
uniform,2200,8,6
uniform,2201,9,2
uniform,2202,10,12
uniform,2203,11,6
uniform,2204,12,1
uniform,2205,13,11
uniform,2206,14,2
uniform,2207,15,2
uniform,2208,0,12
uniform,2209,1,7
uniform,2210,2,15
uniform,2211,3,10
uniform,2212,4,10
uniform,2213,5,0
uniform,2214,6,2
uniform,2215,7,14
uniform,2216,8,6
uniform,2217,9,0
uniform,2218,10,12
uniform,2219,11,4
uniform,2220,12,5
uniform,2221,13,4
uniform,2222,14,15
uniform,2223,15,0
uniform,2224,0,15
uniform,2225,1,12
uniform,2226,2,15
uniform,2227,3,0
uniform,2228,4,14
uniform,2229,5,9
uniform,2230,6,4
uniform,2231,7,13
uniform,2232,8,3
uniform,2233,9,4
uniform,2234,10,4
uniform,2235,11,14
uniform,2236,12,2
uniform,2237,13,10
uniform,2238,14,13
uniform,2239,15,11
uniform,2240,0,15
uniform,2241,1,0
uniform,2242,2,10
uniform,2243,3,14
uniform,2244,4,10
uniform,2245,5,13
uniform,2246,6,1
uniform,2247,7,2
uniform,2248,8,4
uniform,2249,9,2
uniform,2250,10,9
uniform,2251,11,5
uniform,2252,12,15
uniform,2253,13,11
uniform,2254,14,8
uniform,2255,15,2
uniform,2256,0,3
uniform,2257,1,2
uniform,2258,2,15
uniform,2259,3,13
uniform,2260,4,12
uniform,2261,5,13
uniform,2262,6,2
uniform,2263,7,13
uniform,2264,8,13
uniform,2265,9,1
uniform,2266,10,13
uniform,2267,11,6
uniform,2268,12,2
uniform,2269,13,12
uniform,2270,14,6
uniform,2271,15,10
uniform,2272,0,15
uniform,2273,1,6
uniform,2274,2,12
uniform,2275,3,15
uniform,2276,4,3
uniform,2277,5,10
uniform,2278,6,14
uniform,2279,7,12
uniform,2280,8,1
uniform,2281,9,13
uniform,2282,10,5
uniform,2283,11,15
uniform,2284,12,10
uniform,2285,13,1
uniform,2286,14,9
uniform,2287,15,7
uniform,2288,0,13
uniform,2289,1,4
uniform,2290,2,7
uniform,2291,3,15
uniform,2292,4,0
uniform,2293,5,13
uniform,2294,6,2
uniform,2295,7,6
uniform,2296,8,14
uniform,2297,9,5
uniform,2298,10,15
uniform,2299,11,10
uniform,2300,12,0
uniform,2301,13,12
uniform,2302,14,10
uniform,2303,15,11
uniform,2304,0,3
uniform,2305,1,13
uniform,2306,2,10
uniform,2307,3,15
uniform,2308,4,7
uniform,2309,5,11
uniform,2310,6,0
uniform,2311,7,4
uniform,2312,8,3
uniform,2313,9,7
uniform,2314,10,14
uniform,2315,11,8
uniform,2316,12,0
uniform,2317,13,7
uniform,2318,14,1
uniform,2319,15,0
uniform,2320,0,10
uniform,2321,1,6
uniform,2322,2,8
uniform,2323,3,15
uniform,2324,4,10
uniform,2325,5,15
uniform,2326,6,14
uniform,2327,7,15
uniform,2328,8,2
uniform,2329,9,5
uniform,2330,10,15
uniform,2331,11,0
uniform,2332,12,1
uniform,2333,13,14
uniform,2334,14,3
uniform,2335,15,13
uniform,2336,0,3
uniform,2337,1,2
uniform,2338,2,8
uniform,2339,3,4
uniform,2340,4,3
uniform,2341,5,14
uniform,2342,6,15
uniform,2343,7,5
uniform,2344,8,15
uniform,2345,9,1
uniform,2346,10,11
uniform,2347,11,4
uniform,2348,12,10
uniform,2349,13,9
uniform,2350,14,13
uniform,2351,15,1
uniform,2352,0,8
uniform,2353,1,5
uniform,2354,2,4
uniform,2355,3,2
uniform,2356,4,0
uniform,2357,5,7
uniform,2358,6,13
uniform,2359,7,15
uniform,2360,8,11
uniform,2361,9,7
uniform,2362,10,9
uniform,2363,11,7
uniform,2364,12,5
uniform,2365,13,14
uniform,2366,14,1
uniform,2367,15,10
uniform,2368,0,10
uniform,2369,1,6
uniform,2370,2,11
uniform,2371,3,15
uniform,2372,4,8
uniform,2373,5,2
uniform,2374,6,13
uniform,2375,7,11
uniform,2376,8,9
uniform,2377,9,14
uniform,2378,10,5
uniform,2379,11,4
uniform,2380,12,6
uniform,2381,13,12
uniform,2382,14,15
uniform,2383,15,2
uniform,2384,0,5
uniform,2385,1,4
uniform,2386,2,1
uniform,2387,3,13
uniform,2388,4,11
uniform,2389,5,4
uniform,2390,6,7
uniform,2391,7,8
uniform,2392,8,3
uniform,2393,9,7
uniform,2394,10,6
uniform,2395,11,5
uniform,2396,12,13
uniform,2397,13,8
uniform,2398,14,6
uniform,2399,15,13
uniform,2400,0,4
uniform,2401,1,14
uniform,2402,2,9
uniform,2403,3,2
uniform,2404,4,14
uniform,2405,5,9
uniform,2406,6,3
uniform,2407,7,13
uniform,2408,8,10
uniform,2409,9,1
uniform,2410,10,6
uniform,2411,11,12
uniform,2412,12,7
uniform,2413,13,8
uniform,2414,14,10
uniform,2415,15,13
uniform,2416,0,15
uniform,2417,1,2
uniform,2418,2,15
uniform,2419,3,7
uniform,2420,4,2
uniform,2421,5,9
uniform,2422,6,5
uniform,2423,7,3
uniform,2424,8,14
uniform,2425,9,3
uniform,2426,10,2
uniform,2427,11,1
uniform,2428,12,7
uniform,2429,13,2
uniform,2430,14,8
uniform,2431,15,9
uniform,2432,0,1
uniform,2433,1,11
uniform,2434,2,3
uniform,2435,3,10
uniform,2436,4,7
uniform,2437,5,10
uniform,2438,6,15
uniform,2439,7,14
uniform,2440,8,0
uniform,2441,9,11
uniform,2442,10,5
uniform,2443,11,4
uniform,2444,12,3
uniform,2445,13,5
uniform,2446,14,5
uniform,2447,15,5
uniform,2448,0,15
uniform,2449,1,7
uniform,2450,2,14
uniform,2451,3,11
uniform,2452,4,1
uniform,2453,5,15
uniform,2454,6,5
uniform,2455,7,11
uniform,2456,8,11
uniform,2457,9,13
uniform,2458,10,4
uniform,2459,11,6
uniform,2460,12,2
uniform,2461,13,0
uniform,2462,14,11
uniform,2463,15,5
uniform,2464,0,6
uniform,2465,1,11
uniform,2466,2,3
uniform,2467,3,1
uniform,2468,4,1
uniform,2469,5,4
uniform,2470,6,10
uniform,2471,7,9
uniform,2472,8,1
uniform,2473,9,4
uniform,2474,10,15
uniform,2475,11,6
uniform,2476,12,14
uniform,2477,13,2
uniform,2478,14,8
uniform,2479,15,9
uniform,2480,0,6
uniform,2481,1,6
uniform,2482,2,11
uniform,2483,3,2
uniform,2484,4,9
uniform,2485,5,12
uniform,2486,6,10
uniform,2487,7,0
uniform,2488,8,13
uniform,2489,9,1
uniform,2490,10,4
uniform,2491,11,12
uniform,2492,12,8
uniform,2493,13,10
uniform,2494,14,0
uniform,2495,15,13
uniform,2496,0,12
uniform,2497,1,2
uniform,2498,2,13
uniform,2499,3,6
uniform,2500,4,14
uniform,2501,5,4
uniform,2502,6,7
uniform,2503,7,6
uniform,2504,8,7
uniform,2505,9,5
uniform,2506,10,5
uniform,2507,11,5
uniform,2508,12,11
uniform,2509,13,12
uniform,2510,14,9
uniform,2511,15,14
uniform,2512,0,15
uniform,2513,1,12
uniform,2514,2,10
uniform,2515,3,0
uniform,2516,4,2
uniform,2517,5,9
uniform,2518,6,4
uniform,2519,7,14
uniform,2520,8,2
uniform,2521,9,2
uniform,2522,10,3
uniform,2523,11,9
uniform,2524,12,6
uniform,2525,13,5
uniform,2526,14,5
uniform,2527,15,9
uniform,2528,0,8
uniform,2529,1,9
uniform,2530,2,1
uniform,2531,3,7
uniform,2532,4,10
uniform,2533,5,1
uniform,2534,6,12
uniform,2535,7,9
uniform,2536,8,5
uniform,2537,9,6
uniform,2538,10,8
uniform,2539,11,13
uniform,2540,12,6
uniform,2541,13,14
uniform,2542,14,9
uniform,2543,15,11
uniform,2544,0,7
uniform,2545,1,13
uniform,2546,2,10
uniform,2547,3,4
uniform,2548,4,6
uniform,2549,5,11
uniform,2550,6,3
uniform,2551,7,8
uniform,2552,8,14
uniform,2553,9,2
uniform,2554,10,5
uniform,2555,11,4
uniform,2556,12,5
uniform,2557,13,1
uniform,2558,14,3
uniform,2559,15,8
uniform,2560,0,6
uniform,2561,1,10
uniform,2562,2,15
uniform,2563,3,10
uniform,2564,4,15
uniform,2565,5,9
uniform,2566,6,3
uniform,2567,7,3
uniform,2568,8,5
uniform,2569,9,8
uniform,2570,10,0
uniform,2571,11,15
uniform,2572,12,3
uniform,2573,13,14
uniform,2574,14,9
uniform,2575,15,13
uniform,2576,0,7
uniform,2577,1,4
uniform,2578,2,15
uniform,2579,3,9
uniform,2580,4,2
uniform,2581,5,0
uniform,2582,6,5
uniform,2583,7,11
uniform,2584,8,15
uniform,2585,9,10
uniform,2586,10,8
uniform,2587,11,4
uniform,2588,12,3
uniform,2589,13,3
uniform,2590,14,8
uniform,2591,15,4
uniform,2592,0,12
uniform,2593,1,15
uniform,2594,2,4
uniform,2595,3,8
uniform,2596,4,9
uniform,2597,5,12
uniform,2598,6,3
uniform,2599,7,11
uniform,2600,8,15
uniform,2601,9,0
uniform,2602,10,1
uniform,2603,11,15
uniform,2604,12,1
uniform,2605,13,0
uniform,2606,14,10
uniform,2607,15,11
uniform,2608,0,13
uniform,2609,1,13
uniform,2610,2,9
uniform,2611,3,7
uniform,2612,4,8
uniform,2613,5,4
uniform,2614,6,2
uniform,2615,7,4
uniform,2616,8,2
uniform,2617,9,7
uniform,2618,10,3
uniform,2619,11,10
uniform,2620,12,0
uniform,2621,13,12
uniform,2622,14,1
uniform,2623,15,6
uniform,2624,0,2
uniform,2625,1,9
uniform,2626,2,5
uniform,2627,3,7
uniform,2628,4,15
uniform,2629,5,8
uniform,2630,6,4
uniform,2631,7,0
uniform,2632,8,13
uniform,2633,9,4
uniform,2634,10,8
uniform,2635,11,5
uniform,2636,12,4
uniform,2637,13,3
uniform,2638,14,10
uniform,2639,15,9
uniform,2640,0,2
uniform,2641,1,5
uniform,2642,2,10
uniform,2643,3,12
uniform,2644,4,11
uniform,2645,5,2
uniform,2646,6,3
uniform,2647,7,14
uniform,2648,8,6
uniform,2649,9,5
uniform,2650,10,5
uniform,2651,11,3
uniform,2652,12,4
uniform,2653,13,3
uniform,2654,14,6
uniform,2655,15,14
uniform,2656,0,7
uniform,2657,1,15
uniform,2658,2,14
uniform,2659,3,14
uniform,2660,4,6
uniform,2661,5,4
uniform,2662,6,14
uniform,2663,7,14
uniform,2664,8,3
uniform,2665,9,3
uniform,2666,10,3
uniform,2667,11,2
uniform,2668,12,9
uniform,2669,13,11
uniform,2670,14,11
uniform,2671,15,0
uniform,2672,0,11
uniform,2673,1,13
uniform,2674,2,0
uniform,2675,3,6
uniform,2676,4,1
uniform,2677,5,0
uniform,2678,6,12
uniform,2679,7,9
uniform,2680,8,13
uniform,2681,9,13
uniform,2682,10,1
uniform,2683,11,10
uniform,2684,12,6
uniform,2685,13,9
uniform,2686,14,9
uniform,2687,15,1
uniform,2688,0,8
uniform,2689,1,7
uniform,2690,2,4
uniform,2691,3,10
uniform,2692,4,14
uniform,2693,5,3
uniform,2694,6,0
uniform,2695,7,14
uniform,2696,8,6
uniform,2697,9,0
uniform,2698,10,11
uniform,2699,11,5
uniform,2700,12,2
uniform,2701,13,8
uniform,2702,14,10
uniform,2703,15,11
uniform,2704,0,14
uniform,2705,1,3
uniform,2706,2,3
uniform,2707,3,12
uniform,2708,4,15
uniform,2709,5,11
uniform,2710,6,12
uniform,2711,7,10
uniform,2712,8,15
uniform,2713,9,7
uniform,2714,10,15
uniform,2715,11,8
uniform,2716,12,10
uniform,2717,13,14
uniform,2718,14,12
uniform,2719,15,1
uniform,2720,0,1
uniform,2721,1,15
uniform,2722,2,7
uniform,2723,3,5
uniform,2724,4,3
uniform,2725,5,3
uniform,2726,6,8
uniform,2727,7,0
uniform,2728,8,1
uniform,2729,9,2
uniform,2730,10,3
uniform,2731,11,9
uniform,2732,12,7
uniform,2733,13,1
uniform,2734,14,1
uniform,2735,15,2
uniform,2736,0,14
uniform,2737,1,5
uniform,2738,2,15
uniform,2739,3,6
uniform,2740,4,6
uniform,2741,5,9
uniform,2742,6,5
uniform,2743,7,12
uniform,2744,8,14
uniform,2745,9,3
uniform,2746,10,3
uniform,2747,11,6
uniform,2748,12,0
uniform,2749,13,12
uniform,2750,14,11
uniform,2751,15,5
uniform,2752,0,6
uniform,2753,1,15
uniform,2754,2,0
uniform,2755,3,11
uniform,2756,4,10
uniform,2757,5,10
uniform,2758,6,8
uniform,2759,7,5
uniform,2760,8,15
uniform,2761,9,0
uniform,2762,10,7
uniform,2763,11,0
uniform,2764,12,5
uniform,2765,13,11
uniform,2766,14,15
uniform,2767,15,14
uniform,2768,0,10
uniform,2769,1,15
uniform,2770,2,5
uniform,2771,3,14
uniform,2772,4,12
uniform,2773,5,4
uniform,2774,6,12
uniform,2775,7,12
uniform,2776,8,2
uniform,2777,9,14
uniform,2778,10,3
uniform,2779,11,9
uniform,2780,12,5
uniform,2781,13,7
uniform,2782,14,8
uniform,2783,15,10
uniform,2784,0,9
uniform,2785,1,12
uniform,2786,2,3
uniform,2787,3,5
uniform,2788,4,10
uniform,2789,5,4
uniform,2790,6,0
uniform,2791,7,6
uniform,2792,8,9
uniform,2793,9,6
uniform,2794,10,5
uniform,2795,11,6
uniform,2796,12,3
uniform,2797,13,12
uniform,2798,14,5
uniform,2799,15,1
uniform,2800,0,12
uniform,2801,1,2
uniform,2802,2,6
uniform,2803,3,0
uniform,2804,4,10
uniform,2805,5,1
uniform,2806,6,9
uniform,2807,7,1
uniform,2808,8,0
uniform,2809,9,8
uniform,2810,10,1
uniform,2811,11,1
uniform,2812,12,2
uniform,2813,13,14
uniform,2814,14,7
uniform,2815,15,1
uniform,2816,0,4
uniform,2817,1,3
uniform,2818,2,5
uniform,2819,3,11
uniform,2820,4,11
uniform,2821,5,9
uniform,2822,6,5
uniform,2823,7,8
uniform,2824,8,11
uniform,2825,9,0
uniform,2826,10,1
uniform,2827,11,14
uniform,2828,12,10
uniform,2829,13,11
uniform,2830,14,6
uniform,2831,15,14
uniform,2832,0,8
uniform,2833,1,11
uniform,2834,2,8
uniform,2835,3,4
uniform,2836,4,8
uniform,2837,5,9
uniform,2838,6,4
uniform,2839,7,11
uniform,2840,8,3
uniform,2841,9,2
uniform,2842,10,5
uniform,2843,11,5
uniform,2844,12,3
uniform,2845,13,15
uniform,2846,14,10
uniform,2847,15,14
uniform,2848,0,13
uniform,2849,1,3
uniform,2850,2,11
uniform,2851,3,4
uniform,2852,4,6
uniform,2853,5,4
uniform,2854,6,7
uniform,2855,7,1
uniform,2856,8,0
uniform,2857,9,13
uniform,2858,10,15
uniform,2859,11,0
uniform,2860,12,2
uniform,2861,13,14
uniform,2862,14,4
uniform,2863,15,11
uniform,2864,0,2
uniform,2865,1,8
uniform,2866,2,7
uniform,2867,3,8
uniform,2868,4,0
uniform,2869,5,10
uniform,2870,6,12
uniform,2871,7,2
uniform,2872,8,1
uniform,2873,9,10
uniform,2874,10,0
uniform,2875,11,4
uniform,2876,12,9
uniform,2877,13,6
uniform,2878,14,10
uniform,2879,15,2
uniform,2880,0,11
uniform,2881,1,5
uniform,2882,2,6
uniform,2883,3,13
uniform,2884,4,10
uniform,2885,5,0
uniform,2886,6,1
uniform,2887,7,12
uniform,2888,8,12
uniform,2889,9,6
uniform,2890,10,15
uniform,2891,11,14
uniform,2892,12,4
uniform,2893,13,6
uniform,2894,14,4
uniform,2895,15,7
uniform,2896,0,15
uniform,2897,1,5
uniform,2898,2,13
uniform,2899,3,6
uniform,2900,4,1
uniform,2901,5,6
uniform,2902,6,0
uniform,2903,7,3
uniform,2904,8,14
uniform,2905,9,6
uniform,2906,10,9
uniform,2907,11,13
uniform,2908,12,5
uniform,2909,13,10
uniform,2910,14,7
uniform,2911,15,0
uniform,2912,0,7
uniform,2913,1,12
uniform,2914,2,3
uniform,2915,3,6
uniform,2916,4,14
uniform,2917,5,13
uniform,2918,6,3
uniform,2919,7,10
uniform,2920,8,2
uniform,2921,9,13
uniform,2922,10,1
uniform,2923,11,0
uniform,2924,12,10
uniform,2925,13,5
uniform,2926,14,3
uniform,2927,15,2
uniform,2928,0,5
uniform,2929,1,8
uniform,2930,2,6
uniform,2931,3,5
uniform,2932,4,6
uniform,2933,5,1
uniform,2934,6,4
uniform,2935,7,5
uniform,2936,8,9
uniform,2937,9,4
uniform,2938,10,13
uniform,2939,11,9
uniform,2940,12,6
uniform,2941,13,1
uniform,2942,14,15
uniform,2943,15,4
uniform,2944,0,14
uniform,2945,1,14
uniform,2946,2,6
uniform,2947,3,0
uniform,2948,4,5
uniform,2949,5,2
uniform,2950,6,3
uniform,2951,7,12
uniform,2952,8,2
uniform,2953,9,0
uniform,2954,10,13
uniform,2955,11,10
uniform,2956,12,4
uniform,2957,13,14
uniform,2958,14,6
uniform,2959,15,12
uniform,2960,0,10
uniform,2961,1,7
uniform,2962,2,4
uniform,2963,3,5
uniform,2964,4,3
uniform,2965,5,8
uniform,2966,6,2
uniform,2967,7,5
uniform,2968,8,3
uniform,2969,9,10
uniform,2970,10,2
uniform,2971,11,14
uniform,2972,12,15
uniform,2973,13,1
uniform,2974,14,3
uniform,2975,15,4
uniform,2976,0,6
uniform,2977,1,4
uniform,2978,2,7
uniform,2979,3,2
uniform,2980,4,2
uniform,2981,5,12
uniform,2982,6,13
uniform,2983,7,3
uniform,2984,8,10
uniform,2985,9,6
uniform,2986,10,11
uniform,2987,11,14
uniform,2988,12,11
uniform,2989,13,0
uniform,2990,14,8
uniform,2991,15,5
uniform,2992,0,10
uniform,2993,1,6
uniform,2994,2,4
uniform,2995,3,14
uniform,2996,4,14
uniform,2997,5,15
uniform,2998,6,5
uniform,2999,7,0
hotnode,0,0,14
hotnode,1,1,13
hotnode,2,2,6
hotnode,3,3,5
hotnode,4,4,5
hotnode,5,5,13
hotnode,6,6,1
hotnode,7,7,14
hotnode,8,8,1
hotnode,9,9,5
hotnode,10,10,8
hotnode,11,11,1
hotnode,12,12,5
hotnode,13,13,1
hotnode,14,14,1
hotnode,15,15,14
hotnode,16,0,5
hotnode,17,1,11
hotnode,18,2,15
hotnode,19,3,9
hotnode,20,4,5
hotnode,21,5,12
hotnode,22,6,1
hotnode,23,7,5
hotnode,24,8,1
hotnode,25,9,5
hotnode,26,10,5
hotnode,27,11,14
hotnode,28,12,14
hotnode,29,13,5
hotnode,30,14,1
hotnode,31,15,0
hotnode,32,0,12
hotnode,33,1,5
hotnode,34,2,11
hotnode,35,3,1
hotnode,36,4,5
hotnode,37,5,1
hotnode,38,6,1
hotnode,39,7,5
hotnode,40,8,3
hotnode,41,9,8
hotnode,42,10,1
hotnode,43,11,5
hotnode,44,12,8
hotnode,45,13,5
hotnode,46,14,7
hotnode,47,15,5
hotnode,48,0,5
hotnode,49,1,6
hotnode,50,2,14
hotnode,51,3,0
hotnode,52,4,11
hotnode,53,5,2
hotnode,54,6,5
hotnode,55,7,5
hotnode,56,8,1
hotnode,57,9,3
hotnode,58,10,1
hotnode,59,11,1
hotnode,60,12,1
hotnode,61,13,3
hotnode,62,14,8
hotnode,63,15,5
hotnode,64,0,1
hotnode,65,1,0
hotnode,66,2,5
hotnode,67,3,7
hotnode,68,4,12
hotnode,69,5,11
hotnode,70,6,14
hotnode,71,7,4
hotnode,72,8,5
hotnode,73,9,1
hotnode,74,10,7
hotnode,75,11,3
hotnode,76,12,1
hotnode,77,13,5
hotnode,78,14,1
hotnode,79,15,5
hotnode,80,0,9
hotnode,81,1,4
hotnode,82,2,3
hotnode,83,3,14
hotnode,84,4,5
hotnode,85,5,2
hotnode,86,6,5
hotnode,87,7,5
hotnode,88,8,5
hotnode,89,9,6
hotnode,90,10,1
hotnode,91,11,2
hotnode,92,12,1
hotnode,93,13,12
hotnode,94,14,13
hotnode,95,15,1
hotnode,96,0,5
hotnode,97,1,6
hotnode,98,2,5
hotnode,99,3,1
hotnode,100,4,0
hotnode,101,5,9
hotnode,102,6,5
hotnode,103,7,10
hotnode,104,8,11
hotnode,105,9,5
hotnode,106,10,8
hotnode,107,11,1
hotnode,108,12,5
hotnode,109,13,3
hotnode,110,14,1
hotnode,111,15,6
hotnode,112,0,1
hotnode,113,1,5
hotnode,114,2,5
hotnode,115,3,5
hotnode,116,4,5
hotnode,117,5,1
hotnode,118,6,1
hotnode,119,7,2
hotnode,120,8,5
hotnode,121,9,5
hotnode,122,10,2
hotnode,123,11,4
hotnode,124,12,1
hotnode,125,13,5
hotnode,126,14,3
hotnode,127,15,5
hotnode,128,0,1
hotnode,129,1,5
hotnode,130,2,13
hotnode,131,3,1
hotnode,132,4,1
hotnode,133,5,8
hotnode,134,6,5
hotnode,135,7,5
hotnode,136,8,7
hotnode,137,9,5
hotnode,138,10,1
hotnode,139,11,7
hotnode,140,12,15
hotnode,141,13,5
hotnode,142,14,1
hotnode,143,15,11
hotnode,144,0,6
hotnode,145,1,10
hotnode,146,2,13
hotnode,147,3,12
hotnode,148,4,13
hotnode,149,5,14
hotnode,150,6,5
hotnode,151,7,1
hotnode,152,8,6
hotnode,153,9,5
hotnode,154,10,1
hotnode,155,11,1
hotnode,156,12,2
hotnode,157,13,3
hotnode,158,14,4
hotnode,159,15,1
hotnode,160,0,11
hotnode,161,1,15
hotnode,162,2,1
hotnode,163,3,1
hotnode,164,4,1
hotnode,165,5,1
hotnode,166,6,1
hotnode,167,7,1
hotnode,168,8,4
hotnode,169,9,5
hotnode,170,10,5
hotnode,171,11,5
hotnode,172,12,0
hotnode,173,13,12
hotnode,174,14,1
hotnode,175,15,1
hotnode,176,0,5
hotnode,177,1,2
hotnode,178,2,3
hotnode,179,3,7
hotnode,180,4,12
hotnode,181,5,0
hotnode,182,6,1
hotnode,183,7,14
hotnode,184,8,5
hotnode,185,9,1
hotnode,186,10,1
hotnode,187,11,5
hotnode,188,12,1
hotnode,189,13,5
hotnode,190,14,1
hotnode,191,15,3
hotnode,192,0,10
hotnode,193,1,5
hotnode,194,2,15
hotnode,195,3,9
hotnode,196,4,5
hotnode,197,5,1
hotnode,198,6,12
hotnode,199,7,5
hotnode,200,8,1
hotnode,201,9,5
hotnode,202,10,11
hotnode,203,11,5
hotnode,204,12,5
hotnode,205,13,0
hotnode,206,14,5
hotnode,207,15,1
hotnode,208,0,1
hotnode,209,1,5
hotnode,210,2,15
hotnode,211,3,10
hotnode,212,4,1
hotnode,213,5,1
hotnode,214,6,12
hotnode,215,7,0
hotnode,216,8,10
hotnode,217,9,11
hotnode,218,10,1
hotnode,219,11,8
hotnode,220,12,1
hotnode,221,13,5
hotnode,222,14,6
hotnode,223,15,5
hotnode,224,0,1
hotnode,225,1,5
hotnode,226,2,1
hotnode,227,3,2
hotnode,228,4,1
hotnode,229,5,11
hotnode,230,6,1
hotnode,231,7,8
hotnode,232,8,1
hotnode,233,9,6
hotnode,234,10,14
hotnode,235,11,4
hotnode,236,12,1
hotnode,237,13,5
hotnode,238,14,11
hotnode,239,15,2
hotnode,240,0,1
hotnode,241,1,2
hotnode,242,2,1
hotnode,243,3,12
hotnode,244,4,1
hotnode,245,5,9
hotnode,246,6,5
hotnode,247,7,2
hotnode,248,8,5
hotnode,249,9,5
hotnode,250,10,5
hotnode,251,11,1
hotnode,252,12,5
hotnode,253,13,5
hotnode,254,14,0
hotnode,255,15,1
hotnode,256,0,2
hotnode,257,1,0
hotnode,258,2,12
hotnode,259,3,9
hotnode,260,4,1
hotnode,261,5,1
hotnode,262,6,0
hotnode,263,7,14
hotnode,264,8,0
hotnode,265,9,5
hotnode,266,10,6
hotnode,267,11,5
hotnode,268,12,2
hotnode,269,13,9
hotnode,270,14,13
hotnode,271,15,1
hotnode,272,0,15
hotnode,273,1,8
hotnode,274,2,15
hotnode,275,3,15
hotnode,276,4,1
hotnode,277,5,1
hotnode,278,6,5
hotnode,279,7,1
hotnode,280,8,1
hotnode,281,9,1
hotnode,282,10,5
hotnode,283,11,6
hotnode,284,12,1
hotnode,285,13,1
hotnode,286,14,1
hotnode,287,15,8
hotnode,288,0,2
hotnode,289,1,9
hotnode,290,2,5
hotnode,291,3,1
hotnode,292,4,8
hotnode,293,5,10
hotnode,294,6,13
hotnode,295,7,3
hotnode,296,8,5
hotnode,297,9,8
hotnode,298,10,1
hotnode,299,11,12
hotnode,300,12,5
hotnode,301,13,1
hotnode,302,14,1
hotnode,303,15,6
hotnode,304,0,1
hotnode,305,1,5
hotnode,306,2,9
hotnode,307,3,0
hotnode,308,4,1
hotnode,309,5,8
hotnode,310,6,5
hotnode,311,7,1
hotnode,312,8,5
hotnode,313,9,1
hotnode,314,10,2
hotnode,315,11,5
hotnode,316,12,1
hotnode,317,13,3
hotnode,318,14,1
hotnode,319,15,1
hotnode,320,0,15
hotnode,321,1,5
hotnode,322,2,1
hotnode,323,3,1
hotnode,324,4,1
hotnode,325,5,11
hotnode,326,6,5
hotnode,327,7,2
hotnode,328,8,1
hotnode,329,9,5
hotnode,330,10,9
hotnode,331,11,4
hotnode,332,12,5
hotnode,333,13,3
hotnode,334,14,11
hotnode,335,15,1
hotnode,336,0,7
hotnode,337,1,15
hotnode,338,2,1
hotnode,339,3,5
hotnode,340,4,1
hotnode,341,5,1
hotnode,342,6,9
hotnode,343,7,2
hotnode,344,8,12
hotnode,345,9,5
hotnode,346,10,5
hotnode,347,11,10
hotnode,348,12,7
hotnode,349,13,1
hotnode,350,14,10
hotnode,351,15,1
hotnode,352,0,11
hotnode,353,1,6
hotnode,354,2,8
hotnode,355,3,9
hotnode,356,4,5
hotnode,357,5,10
hotnode,358,6,1
hotnode,359,7,1
hotnode,360,8,0
hotnode,361,9,5
hotnode,362,10,5
hotnode,363,11,5
hotnode,364,12,5
hotnode,365,13,5
hotnode,366,14,6
hotnode,367,15,7
hotnode,368,0,12
hotnode,369,1,3
hotnode,370,2,1
hotnode,371,3,8
hotnode,372,4,1
hotnode,373,5,11
hotnode,374,6,5
hotnode,375,7,1
hotnode,376,8,1
hotnode,377,9,5
hotnode,378,10,1
hotnode,379,11,5
hotnode,380,12,11
hotnode,381,13,3
hotnode,382,14,5
hotnode,383,15,1
hotnode,384,0,7
hotnode,385,1,5
hotnode,386,2,7
hotnode,387,3,9
hotnode,388,4,1
hotnode,389,5,1
hotnode,390,6,8
hotnode,391,7,5
hotnode,392,8,5
hotnode,393,9,0
hotnode,394,10,13
hotnode,395,11,10
hotnode,396,12,1
hotnode,397,13,1
hotnode,398,14,1
hotnode,399,15,6
hotnode,400,0,10
hotnode,401,1,11
hotnode,402,2,1
hotnode,403,3,5
hotnode,404,4,13
hotnode,405,5,1
hotnode,406,6,11
hotnode,407,7,3
hotnode,408,8,1
hotnode,409,9,1
hotnode,410,10,7
hotnode,411,11,6
hotnode,412,12,1
hotnode,413,13,5
hotnode,414,14,1
hotnode,415,15,1
hotnode,416,0,5
hotnode,417,1,5
hotnode,418,2,5
hotnode,419,3,11
hotnode,420,4,3
hotnode,421,5,1
hotnode,422,6,5
hotnode,423,7,5
hotnode,424,8,5
hotnode,425,9,4
hotnode,426,10,5
hotnode,427,11,9
hotnode,428,12,14
hotnode,429,13,1
hotnode,430,14,10
hotnode,431,15,1
hotnode,432,0,1
hotnode,433,1,4
hotnode,434,2,1
hotnode,435,3,5
hotnode,436,4,1
hotnode,437,5,2
hotnode,438,6,13
hotnode,439,7,9
hotnode,440,8,5
hotnode,441,9,5
hotnode,442,10,13
hotnode,443,11,1
hotnode,444,12,5
hotnode,445,13,3
hotnode,446,14,13
hotnode,447,15,5
hotnode,448,0,2
hotnode,449,1,6
hotnode,450,2,5
hotnode,451,3,1
hotnode,452,4,5
hotnode,453,5,10
hotnode,454,6,12
hotnode,455,7,1
hotnode,456,8,1
hotnode,457,9,4
hotnode,458,10,3
hotnode,459,11,1
hotnode,460,12,3
hotnode,461,13,7
hotnode,462,14,3
hotnode,463,15,8
hotnode,464,0,1
hotnode,465,1,10
hotnode,466,2,14
hotnode,467,3,2
hotnode,468,4,6
hotnode,469,5,9
hotnode,470,6,5
hotnode,471,7,10
hotnode,472,8,1
hotnode,473,9,3
hotnode,474,10,0
hotnode,475,11,1
hotnode,476,12,8
hotnode,477,13,1
hotnode,478,14,2
hotnode,479,15,10
hotnode,480,0,2
hotnode,481,1,0
hotnode,482,2,0
hotnode,483,3,1
hotnode,484,4,7
hotnode,485,5,4
hotnode,486,6,3
hotnode,487,7,0
hotnode,488,8,3
hotnode,489,9,3
hotnode,490,10,1
hotnode,491,11,5
hotnode,492,12,5
hotnode,493,13,1
hotnode,494,14,4
hotnode,495,15,8
hotnode,496,0,14
hotnode,497,1,5
hotnode,498,2,5
hotnode,499,3,10
hotnode,500,4,1
hotnode,501,5,6
hotnode,502,6,0
hotnode,503,7,1
hotnode,504,8,1
hotnode,505,9,5
hotnode,506,10,1
hotnode,507,11,1
hotnode,508,12,5
hotnode,509,13,1
hotnode,510,14,12
hotnode,511,15,13
hotnode,512,0,15
hotnode,513,1,0
hotnode,514,2,10
hotnode,515,3,1
hotnode,516,4,13
hotnode,517,5,10
hotnode,518,6,1
hotnode,519,7,1
hotnode,520,8,1
hotnode,521,9,15
hotnode,522,10,5
hotnode,523,11,1
hotnode,524,12,5
hotnode,525,13,5
hotnode,526,14,1
hotnode,527,15,1
hotnode,528,0,8
hotnode,529,1,8
hotnode,530,2,12
hotnode,531,3,5
hotnode,532,4,1
hotnode,533,5,10
hotnode,534,6,2
hotnode,535,7,5
hotnode,536,8,10
hotnode,537,9,5
hotnode,538,10,1
hotnode,539,11,5
hotnode,540,12,5
hotnode,541,13,0
hotnode,542,14,5
hotnode,543,15,13
hotnode,544,0,6
hotnode,545,1,5
hotnode,546,2,14
hotnode,547,3,5
hotnode,548,4,5
hotnode,549,5,9
hotnode,550,6,5
hotnode,551,7,5
hotnode,552,8,7
hotnode,553,9,5
hotnode,554,10,1
hotnode,555,11,5
hotnode,556,12,10
hotnode,557,13,2
hotnode,558,14,1
hotnode,559,15,4
hotnode,560,0,5
hotnode,561,1,2
hotnode,562,2,15
hotnode,563,3,15
hotnode,564,4,1
hotnode,565,5,1
hotnode,566,6,13
hotnode,567,7,14
hotnode,568,8,1
hotnode,569,9,1
hotnode,570,10,7
hotnode,571,11,1
hotnode,572,12,1
hotnode,573,13,3
hotnode,574,14,5
hotnode,575,15,4
hotnode,576,0,5
hotnode,577,1,13
hotnode,578,2,12
hotnode,579,3,1
hotnode,580,4,1
hotnode,581,5,1
hotnode,582,6,5
hotnode,583,7,1
hotnode,584,8,4
hotnode,585,9,5
hotnode,586,10,13
hotnode,587,11,5
hotnode,588,12,9
hotnode,589,13,5
hotnode,590,14,1
hotnode,591,15,1
hotnode,592,0,5
hotnode,593,1,2
hotnode,594,2,12
hotnode,595,3,5
hotnode,596,4,11
hotnode,597,5,14
hotnode,598,6,11
hotnode,599,7,11
hotnode,600,8,5
hotnode,601,9,5
hotnode,602,10,2
hotnode,603,11,8
hotnode,604,12,5
hotnode,605,13,1
hotnode,606,14,5
hotnode,607,15,1
hotnode,608,0,8
hotnode,609,1,5
hotnode,610,2,3
hotnode,611,3,5
hotnode,612,4,11
hotnode,613,5,14
hotnode,614,6,5
hotnode,615,7,1
hotnode,616,8,2
hotnode,617,9,5
hotnode,618,10,5
hotnode,619,11,5
hotnode,620,12,1
hotnode,621,13,1
hotnode,622,14,13
hotnode,623,15,1
hotnode,624,0,1
hotnode,625,1,11
hotnode,626,2,0
hotnode,627,3,5
hotnode,628,4,1
hotnode,629,5,1
hotnode,630,6,10
hotnode,631,7,10
hotnode,632,8,6
hotnode,633,9,6
hotnode,634,10,1
hotnode,635,11,1
hotnode,636,12,1
hotnode,637,13,5
hotnode,638,14,1
hotnode,639,15,5
hotnode,640,0,5
hotnode,641,1,5
hotnode,642,2,1
hotnode,643,3,5
hotnode,644,4,5
hotnode,645,5,13
hotnode,646,6,10
hotnode,647,7,6
hotnode,648,8,1
hotnode,649,9,5
hotnode,650,10,5
hotnode,651,11,5
hotnode,652,12,1
hotnode,653,13,12
hotnode,654,14,10
hotnode,655,15,0
hotnode,656,0,1
hotnode,657,1,6
hotnode,658,2,1
hotnode,659,3,5
hotnode,660,4,1
hotnode,661,5,6
hotnode,662,6,14
hotnode,663,7,5
hotnode,664,8,1
hotnode,665,9,11
hotnode,666,10,11
hotnode,667,11,1
hotnode,668,12,1
hotnode,669,13,1
hotnode,670,14,3
hotnode,671,15,5
hotnode,672,0,5
hotnode,673,1,12
hotnode,674,2,15
hotnode,675,3,5
hotnode,676,4,12
hotnode,677,5,14
hotnode,678,6,5
hotnode,679,7,1
hotnode,680,8,12
hotnode,681,9,15
hotnode,682,10,1
hotnode,683,11,10
hotnode,684,12,13
hotnode,685,13,1
hotnode,686,14,5
hotnode,687,15,5
hotnode,688,0,1
hotnode,689,1,5
hotnode,690,2,3
hotnode,691,3,5
hotnode,692,4,1
hotnode,693,5,2
hotnode,694,6,3
hotnode,695,7,12
hotnode,696,8,2
hotnode,697,9,1
hotnode,698,10,9
hotnode,699,11,1
hotnode,700,12,11
hotnode,701,13,2
hotnode,702,14,5
hotnode,703,15,2
hotnode,704,0,6
hotnode,705,1,14
hotnode,706,2,10
hotnode,707,3,10
hotnode,708,4,7
hotnode,709,5,7
hotnode,710,6,1
hotnode,711,7,1
hotnode,712,8,1
hotnode,713,9,5
hotnode,714,10,1
hotnode,715,11,13
hotnode,716,12,9
hotnode,717,13,1
hotnode,718,14,4
hotnode,719,15,7
hotnode,720,0,5
hotnode,721,1,0
hotnode,722,2,5
hotnode,723,3,5
hotnode,724,4,6
hotnode,725,5,1
hotnode,726,6,11
hotnode,727,7,0
hotnode,728,8,4
hotnode,729,9,5
hotnode,730,10,5
hotnode,731,11,5
hotnode,732,12,1
hotnode,733,13,4
hotnode,734,14,15
hotnode,735,15,10
hotnode,736,0,1
hotnode,737,1,3
hotnode,738,2,1
hotnode,739,3,0
hotnode,740,4,5
hotnode,741,5,0
hotnode,742,6,2
hotnode,743,7,5
hotnode,744,8,1
hotnode,745,9,7
hotnode,746,10,8
hotnode,747,11,1
hotnode,748,12,1
hotnode,749,13,12
hotnode,750,14,5
hotnode,751,15,1
hotnode,752,0,4
hotnode,753,1,14
hotnode,754,2,8
hotnode,755,3,1
hotnode,756,4,0
hotnode,757,5,8
hotnode,758,6,1
hotnode,759,7,1
hotnode,760,8,14
hotnode,761,9,15
hotnode,762,10,1
hotnode,763,11,5
hotnode,764,12,11
hotnode,765,13,5
hotnode,766,14,5
hotnode,767,15,1
hotnode,768,0,1
hotnode,769,1,15
hotnode,770,2,7
hotnode,771,3,5
hotnode,772,4,10
hotnode,773,5,15
hotnode,774,6,5
hotnode,775,7,11
hotnode,776,8,5
hotnode,777,9,1
hotnode,778,10,1
hotnode,779,11,12
hotnode,780,12,0
hotnode,781,13,1
hotnode,782,14,5
hotnode,783,15,9
hotnode,784,0,10
hotnode,785,1,7
hotnode,786,2,14
hotnode,787,3,5
hotnode,788,4,11
hotnode,789,5,8
hotnode,790,6,9
hotnode,791,7,5
hotnode,792,8,13
hotnode,793,9,3
hotnode,794,10,8
hotnode,795,11,1
hotnode,796,12,1
hotnode,797,13,1
hotnode,798,14,1
hotnode,799,15,12
hotnode,800,0,11
hotnode,801,1,4
hotnode,802,2,15
hotnode,803,3,5
hotnode,804,4,0
hotnode,805,5,15
hotnode,806,6,9
hotnode,807,7,1
hotnode,808,8,1
hotnode,809,9,1
hotnode,810,10,5
hotnode,811,11,0
hotnode,812,12,7
hotnode,813,13,9
hotnode,814,14,10
hotnode,815,15,1
hotnode,816,0,12
hotnode,817,1,5
hotnode,818,2,1
hotnode,819,3,5
hotnode,820,4,15
hotnode,821,5,11
hotnode,822,6,3
hotnode,823,7,5
hotnode,824,8,4
hotnode,825,9,3
hotnode,826,10,1
hotnode,827,11,5
hotnode,828,12,6
hotnode,829,13,8
hotnode,830,14,1
hotnode,831,15,5
hotnode,832,0,7
hotnode,833,1,5
hotnode,834,2,1
hotnode,835,3,1
hotnode,836,4,11
hotnode,837,5,15
hotnode,838,6,5
hotnode,839,7,5
hotnode,840,8,12
hotnode,841,9,10
hotnode,842,10,5
hotnode,843,11,13
hotnode,844,12,10
hotnode,845,13,6
hotnode,846,14,3
hotnode,847,15,5
hotnode,848,0,7
hotnode,849,1,9
hotnode,850,2,5
hotnode,851,3,5
hotnode,852,4,1
hotnode,853,5,1
hotnode,854,6,5
hotnode,855,7,5
hotnode,856,8,11
hotnode,857,9,14
hotnode,858,10,5
hotnode,859,11,5
hotnode,860,12,8
hotnode,861,13,1
hotnode,862,14,13
hotnode,863,15,5
hotnode,864,0,5
hotnode,865,1,7
hotnode,866,2,5
hotnode,867,3,8
hotnode,868,4,8
hotnode,869,5,8
hotnode,870,6,11
hotnode,871,7,11
hotnode,872,8,5
hotnode,873,9,5
hotnode,874,10,3
hotnode,875,11,3
hotnode,876,12,5
hotnode,877,13,1
hotnode,878,14,1
hotnode,879,15,1
hotnode,880,0,5
hotnode,881,1,5
hotnode,882,2,1
hotnode,883,3,5
hotnode,884,4,10
hotnode,885,5,0
hotnode,886,6,8
hotnode,887,7,1
hotnode,888,8,1
hotnode,889,9,5
hotnode,890,10,1
hotnode,891,11,5
hotnode,892,12,5
hotnode,893,13,5
hotnode,894,14,3
hotnode,895,15,1
hotnode,896,0,1
hotnode,897,1,5
hotnode,898,2,5
hotnode,899,3,8
hotnode,900,4,1
hotnode,901,5,0
hotnode,902,6,2
hotnode,903,7,14
hotnode,904,8,5
hotnode,905,9,8
hotnode,906,10,2
hotnode,907,11,5
hotnode,908,12,13
hotnode,909,13,5
hotnode,910,14,3
hotnode,911,15,11
hotnode,912,0,3
hotnode,913,1,13
hotnode,914,2,1
hotnode,915,3,5
hotnode,916,4,1
hotnode,917,5,9
hotnode,918,6,4
hotnode,919,7,1
hotnode,920,8,9
hotnode,921,9,1
hotnode,922,10,3
hotnode,923,11,7
hotnode,924,12,5
hotnode,925,13,5
hotnode,926,14,13
hotnode,927,15,5
hotnode,928,0,5
hotnode,929,1,0
hotnode,930,2,0
hotnode,931,3,1
hotnode,932,4,9
hotnode,933,5,10
hotnode,934,6,1
hotnode,935,7,8
hotnode,936,8,15
hotnode,937,9,1
hotnode,938,10,7
hotnode,939,11,5
hotnode,940,12,10
hotnode,941,13,9
hotnode,942,14,15
hotnode,943,15,3
hotnode,944,0,5
hotnode,945,1,9
hotnode,946,2,1
hotnode,947,3,4
hotnode,948,4,1
hotnode,949,5,1
hotnode,950,6,10
hotnode,951,7,5
hotnode,952,8,3
hotnode,953,9,1
hotnode,954,10,1
hotnode,955,11,1
hotnode,956,12,5
hotnode,957,13,1
hotnode,958,14,1
hotnode,959,15,5
hotnode,960,0,5
hotnode,961,1,12
hotnode,962,2,5
hotnode,963,3,1
hotnode,964,4,1
hotnode,965,5,12
hotnode,966,6,5
hotnode,967,7,1
hotnode,968,8,3
hotnode,969,9,5
hotnode,970,10,8
hotnode,971,11,5
hotnode,972,12,5
hotnode,973,13,8
hotnode,974,14,5
hotnode,975,15,14
hotnode,976,0,5
hotnode,977,1,2
hotnode,978,2,0
hotnode,979,3,1
hotnode,980,4,7
hotnode,981,5,1
hotnode,982,6,1
hotnode,983,7,3
hotnode,984,8,10
hotnode,985,9,10
hotnode,986,10,9
hotnode,987,11,4
hotnode,988,12,8
hotnode,989,13,5
hotnode,990,14,10
hotnode,991,15,1
hotnode,992,0,5
hotnode,993,1,5
hotnode,994,2,1
hotnode,995,3,1
hotnode,996,4,7
hotnode,997,5,1
hotnode,998,6,1
hotnode,999,7,15
hotnode,1000,8,1
hotnode,1001,9,10
hotnode,1002,10,15
hotnode,1003,11,1
hotnode,1004,12,5
hotnode,1005,13,5
hotnode,1006,14,1
hotnode,1007,15,1
hotnode,1008,0,14
hotnode,1009,1,11
hotnode,1010,2,7
hotnode,1011,3,5
hotnode,1012,4,2
hotnode,1013,5,1
hotnode,1014,6,11
hotnode,1015,7,0
hotnode,1016,8,1
hotnode,1017,9,12
hotnode,1018,10,0
hotnode,1019,11,5
hotnode,1020,12,1
hotnode,1021,13,5
hotnode,1022,14,5
hotnode,1023,15,5
hotnode,1024,0,5
hotnode,1025,1,5
hotnode,1026,2,5
hotnode,1027,3,15
hotnode,1028,4,1
hotnode,1029,5,2
hotnode,1030,6,5
hotnode,1031,7,1
hotnode,1032,8,5
hotnode,1033,9,11
hotnode,1034,10,8
hotnode,1035,11,9
hotnode,1036,12,4
hotnode,1037,13,1
hotnode,1038,14,1
hotnode,1039,15,8
hotnode,1040,0,5
hotnode,1041,1,7
hotnode,1042,2,8
hotnode,1043,3,5
hotnode,1044,4,1
hotnode,1045,5,12
hotnode,1046,6,11
hotnode,1047,7,4
hotnode,1048,8,5
hotnode,1049,9,5
hotnode,1050,10,9
hotnode,1051,11,5
hotnode,1052,12,1
hotnode,1053,13,1
hotnode,1054,14,0
hotnode,1055,15,1
hotnode,1056,0,5
hotnode,1057,1,0
hotnode,1058,2,14
hotnode,1059,3,14
hotnode,1060,4,15
hotnode,1061,5,3
hotnode,1062,6,1
hotnode,1063,7,13
hotnode,1064,8,10
hotnode,1065,9,6
hotnode,1066,10,1
hotnode,1067,11,9
hotnode,1068,12,1
hotnode,1069,13,15
hotnode,1070,14,5
hotnode,1071,15,14
hotnode,1072,0,12
hotnode,1073,1,3
hotnode,1074,2,9
hotnode,1075,3,7
hotnode,1076,4,7
hotnode,1077,5,12
hotnode,1078,6,9
hotnode,1079,7,4
hotnode,1080,8,1
hotnode,1081,9,5
hotnode,1082,10,5
hotnode,1083,11,6
hotnode,1084,12,1
hotnode,1085,13,5
hotnode,1086,14,6
hotnode,1087,15,9
hotnode,1088,0,1
hotnode,1089,1,7
hotnode,1090,2,1
hotnode,1091,3,5
hotnode,1092,4,1
hotnode,1093,5,1
hotnode,1094,6,15
hotnode,1095,7,1
hotnode,1096,8,4
hotnode,1097,9,3
hotnode,1098,10,5
hotnode,1099,11,2
hotnode,1100,12,14
hotnode,1101,13,15
hotnode,1102,14,1
hotnode,1103,15,9
hotnode,1104,0,2
hotnode,1105,1,5
hotnode,1106,2,1
hotnode,1107,3,1
hotnode,1108,4,9
hotnode,1109,5,1
hotnode,1110,6,13
hotnode,1111,7,13
hotnode,1112,8,1
hotnode,1113,9,1
hotnode,1114,10,6
hotnode,1115,11,1
hotnode,1116,12,1
hotnode,1117,13,5
hotnode,1118,14,15
hotnode,1119,15,1
hotnode,1120,0,12
hotnode,1121,1,6
hotnode,1122,2,11
hotnode,1123,3,1
hotnode,1124,4,1
hotnode,1125,5,15
hotnode,1126,6,1
hotnode,1127,7,5
hotnode,1128,8,5
hotnode,1129,9,11
hotnode,1130,10,1
hotnode,1131,11,12
hotnode,1132,12,1
hotnode,1133,13,15
hotnode,1134,14,1
hotnode,1135,15,5
hotnode,1136,0,1
hotnode,1137,1,9
hotnode,1138,2,1
hotnode,1139,3,5
hotnode,1140,4,6
hotnode,1141,5,1
hotnode,1142,6,15
hotnode,1143,7,15
hotnode,1144,8,5
hotnode,1145,9,0
hotnode,1146,10,1
hotnode,1147,11,1
hotnode,1148,12,5
hotnode,1149,13,3
hotnode,1150,14,1
hotnode,1151,15,5
hotnode,1152,0,2
hotnode,1153,1,5
hotnode,1154,2,10
hotnode,1155,3,1
hotnode,1156,4,5
hotnode,1157,5,0
hotnode,1158,6,1
hotnode,1159,7,11
hotnode,1160,8,10
hotnode,1161,9,5
hotnode,1162,10,1
hotnode,1163,11,9
hotnode,1164,12,1
hotnode,1165,13,7
hotnode,1166,14,1
hotnode,1167,15,8
hotnode,1168,0,6
hotnode,1169,1,5
hotnode,1170,2,15
hotnode,1171,3,5
hotnode,1172,4,5
hotnode,1173,5,11
hotnode,1174,6,5
hotnode,1175,7,5
hotnode,1176,8,5
hotnode,1177,9,1
hotnode,1178,10,6
hotnode,1179,11,3
hotnode,1180,12,8
hotnode,1181,13,1
hotnode,1182,14,3
hotnode,1183,15,9
hotnode,1184,0,5
hotnode,1185,1,8
hotnode,1186,2,11
hotnode,1187,3,15
hotnode,1188,4,1
hotnode,1189,5,9
hotnode,1190,6,5
hotnode,1191,7,3
hotnode,1192,8,5
hotnode,1193,9,5
hotnode,1194,10,9
hotnode,1195,11,1
hotnode,1196,12,1
hotnode,1197,13,1
hotnode,1198,14,13
hotnode,1199,15,1
hotnode,1200,0,5
hotnode,1201,1,5
hotnode,1202,2,5
hotnode,1203,3,7
hotnode,1204,4,11
hotnode,1205,5,1
hotnode,1206,6,1
hotnode,1207,7,13
hotnode,1208,8,5
hotnode,1209,9,5
hotnode,1210,10,5
hotnode,1211,11,1
hotnode,1212,12,5
hotnode,1213,13,5
hotnode,1214,14,8
hotnode,1215,15,5
hotnode,1216,0,7
hotnode,1217,1,3
hotnode,1218,2,10
hotnode,1219,3,5
hotnode,1220,4,2
hotnode,1221,5,12
hotnode,1222,6,0
hotnode,1223,7,1
hotnode,1224,8,1
hotnode,1225,9,11
hotnode,1226,10,1
hotnode,1227,11,1
hotnode,1228,12,5
hotnode,1229,13,4
hotnode,1230,14,5
hotnode,1231,15,5
hotnode,1232,0,5
hotnode,1233,1,13
hotnode,1234,2,15
hotnode,1235,3,12
hotnode,1236,4,0
hotnode,1237,5,1
hotnode,1238,6,1
hotnode,1239,7,5
hotnode,1240,8,1
hotnode,1241,9,5
hotnode,1242,10,1
hotnode,1243,11,8
hotnode,1244,12,5
hotnode,1245,13,1
hotnode,1246,14,8
hotnode,1247,15,5
hotnode,1248,0,13
hotnode,1249,1,10
hotnode,1250,2,7
hotnode,1251,3,10
hotnode,1252,4,5
hotnode,1253,5,3
hotnode,1254,6,14
hotnode,1255,7,5
hotnode,1256,8,5
hotnode,1257,9,5
hotnode,1258,10,5
hotnode,1259,11,15
hotnode,1260,12,15
hotnode,1261,13,3
hotnode,1262,14,5
hotnode,1263,15,0
hotnode,1264,0,4
hotnode,1265,1,10
hotnode,1266,2,7
hotnode,1267,3,1
hotnode,1268,4,2
hotnode,1269,5,11
hotnode,1270,6,10
hotnode,1271,7,4
hotnode,1272,8,5
hotnode,1273,9,4
hotnode,1274,10,15
hotnode,1275,11,1
hotnode,1276,12,11
hotnode,1277,13,1
hotnode,1278,14,0
hotnode,1279,15,1
hotnode,1280,0,5
hotnode,1281,1,12
hotnode,1282,2,13
hotnode,1283,3,7
hotnode,1284,4,5
hotnode,1285,5,2
hotnode,1286,6,5
hotnode,1287,7,0
hotnode,1288,8,1
hotnode,1289,9,5
hotnode,1290,10,4
hotnode,1291,11,1
hotnode,1292,12,5
hotnode,1293,13,1
hotnode,1294,14,1
hotnode,1295,15,5
hotnode,1296,0,1
hotnode,1297,1,2
hotnode,1298,2,1
hotnode,1299,3,11
hotnode,1300,4,5
hotnode,1301,5,7
hotnode,1302,6,5
hotnode,1303,7,5
hotnode,1304,8,5
hotnode,1305,9,6
hotnode,1306,10,14
hotnode,1307,11,5
hotnode,1308,12,1
hotnode,1309,13,3
hotnode,1310,14,5
hotnode,1311,15,1
hotnode,1312,0,12
hotnode,1313,1,13
hotnode,1314,2,5
hotnode,1315,3,5
hotnode,1316,4,9
hotnode,1317,5,13
hotnode,1318,6,1
hotnode,1319,7,1
hotnode,1320,8,1
hotnode,1321,9,6
hotnode,1322,10,1
hotnode,1323,11,3
hotnode,1324,12,1
hotnode,1325,13,5
hotnode,1326,14,5
hotnode,1327,15,1
hotnode,1328,0,12
hotnode,1329,1,3
hotnode,1330,2,1
hotnode,1331,3,11
hotnode,1332,4,10
hotnode,1333,5,8
hotnode,1334,6,9
hotnode,1335,7,14
hotnode,1336,8,1
hotnode,1337,9,1
hotnode,1338,10,5
hotnode,1339,11,5
hotnode,1340,12,5
hotnode,1341,13,5
hotnode,1342,14,1
hotnode,1343,15,5
hotnode,1344,0,5
hotnode,1345,1,5
hotnode,1346,2,6
hotnode,1347,3,1
hotnode,1348,4,1
hotnode,1349,5,3
hotnode,1350,6,5
hotnode,1351,7,1
hotnode,1352,8,5
hotnode,1353,9,1
hotnode,1354,10,1
hotnode,1355,11,9
hotnode,1356,12,5
hotnode,1357,13,0
hotnode,1358,14,0
hotnode,1359,15,1
hotnode,1360,0,15
hotnode,1361,1,15
hotnode,1362,2,1
hotnode,1363,3,5
hotnode,1364,4,12
hotnode,1365,5,1
hotnode,1366,6,1
hotnode,1367,7,1
hotnode,1368,8,11
hotnode,1369,9,12
hotnode,1370,10,5
hotnode,1371,11,4
hotnode,1372,12,5
hotnode,1373,13,6
hotnode,1374,14,5
hotnode,1375,15,1
hotnode,1376,0,5
hotnode,1377,1,2
hotnode,1378,2,5
hotnode,1379,3,1
hotnode,1380,4,1
hotnode,1381,5,1
hotnode,1382,6,5
hotnode,1383,7,1
hotnode,1384,8,5
hotnode,1385,9,5
hotnode,1386,10,1
hotnode,1387,11,8
hotnode,1388,12,5
hotnode,1389,13,0
hotnode,1390,14,1
hotnode,1391,15,11
hotnode,1392,0,1
hotnode,1393,1,11
hotnode,1394,2,5
hotnode,1395,3,1
hotnode,1396,4,1
hotnode,1397,5,6
hotnode,1398,6,5
hotnode,1399,7,11
hotnode,1400,8,13
hotnode,1401,9,1
hotnode,1402,10,5
hotnode,1403,11,5
hotnode,1404,12,5
hotnode,1405,13,15
hotnode,1406,14,5
hotnode,1407,15,4
hotnode,1408,0,2
hotnode,1409,1,7
hotnode,1410,2,0
hotnode,1411,3,12
hotnode,1412,4,5
hotnode,1413,5,0
hotnode,1414,6,1
hotnode,1415,7,1
hotnode,1416,8,1
hotnode,1417,9,5
hotnode,1418,10,9
hotnode,1419,11,5
hotnode,1420,12,11
hotnode,1421,13,1
hotnode,1422,14,4
hotnode,1423,15,5
hotnode,1424,0,1
hotnode,1425,1,6
hotnode,1426,2,5
hotnode,1427,3,5
hotnode,1428,4,7
hotnode,1429,5,13
hotnode,1430,6,1
hotnode,1431,7,5
hotnode,1432,8,1
hotnode,1433,9,5
hotnode,1434,10,13
hotnode,1435,11,1
hotnode,1436,12,1
hotnode,1437,13,5
hotnode,1438,14,5
hotnode,1439,15,5
hotnode,1440,0,1
hotnode,1441,1,5
hotnode,1442,2,5
hotnode,1443,3,5
hotnode,1444,4,5
hotnode,1445,5,10
hotnode,1446,6,5
hotnode,1447,7,4
hotnode,1448,8,14
hotnode,1449,9,5
hotnode,1450,10,5
hotnode,1451,11,1
hotnode,1452,12,5
hotnode,1453,13,10
hotnode,1454,14,1
hotnode,1455,15,1
hotnode,1456,0,7
hotnode,1457,1,5
hotnode,1458,2,1
hotnode,1459,3,5
hotnode,1460,4,1
hotnode,1461,5,1
hotnode,1462,6,1
hotnode,1463,7,5
hotnode,1464,8,5
hotnode,1465,9,5
hotnode,1466,10,1
hotnode,1467,11,3
hotnode,1468,12,6
hotnode,1469,13,14
hotnode,1470,14,0
hotnode,1471,15,5
hotnode,1472,0,6
hotnode,1473,1,14
hotnode,1474,2,6
hotnode,1475,3,1
hotnode,1476,4,1
hotnode,1477,5,9
hotnode,1478,6,1
hotnode,1479,7,5
hotnode,1480,8,15
hotnode,1481,9,14
hotnode,1482,10,8
hotnode,1483,11,9
hotnode,1484,12,1
hotnode,1485,13,1
hotnode,1486,14,1
hotnode,1487,15,5
hotnode,1488,0,1
hotnode,1489,1,7
hotnode,1490,2,12
hotnode,1491,3,5
hotnode,1492,4,3
hotnode,1493,5,13
hotnode,1494,6,8
hotnode,1495,7,8
hotnode,1496,8,5
hotnode,1497,9,1
hotnode,1498,10,1
hotnode,1499,11,15
hotnode,1500,12,5
hotnode,1501,13,1
hotnode,1502,14,5
hotnode,1503,15,9
hotnode,1504,0,1
hotnode,1505,1,4
hotnode,1506,2,5
hotnode,1507,3,1
hotnode,1508,4,15
hotnode,1509,5,12
hotnode,1510,6,4
hotnode,1511,7,3
hotnode,1512,8,15
hotnode,1513,9,1
hotnode,1514,10,7
hotnode,1515,11,1
hotnode,1516,12,14
hotnode,1517,13,1
hotnode,1518,14,15
hotnode,1519,15,5
hotnode,1520,0,5
hotnode,1521,1,5
hotnode,1522,2,6
hotnode,1523,3,1
hotnode,1524,4,5
hotnode,1525,5,11
hotnode,1526,6,5
hotnode,1527,7,1
hotnode,1528,8,5
hotnode,1529,9,8
hotnode,1530,10,5
hotnode,1531,11,12
hotnode,1532,12,1
hotnode,1533,13,1
hotnode,1534,14,5
hotnode,1535,15,1
hotnode,1536,0,5
hotnode,1537,1,15
hotnode,1538,2,11
hotnode,1539,3,7
hotnode,1540,4,5
hotnode,1541,5,12
hotnode,1542,6,9
hotnode,1543,7,10
hotnode,1544,8,12
hotnode,1545,9,1
hotnode,1546,10,6
hotnode,1547,11,5
hotnode,1548,12,1
hotnode,1549,13,1
hotnode,1550,14,12
hotnode,1551,15,14
hotnode,1552,0,1
hotnode,1553,1,13
hotnode,1554,2,5
hotnode,1555,3,1
hotnode,1556,4,8
hotnode,1557,5,7
hotnode,1558,6,11
hotnode,1559,7,1
hotnode,1560,8,1
hotnode,1561,9,5
hotnode,1562,10,6
hotnode,1563,11,5
hotnode,1564,12,1
hotnode,1565,13,7
hotnode,1566,14,15
hotnode,1567,15,13
hotnode,1568,0,5
hotnode,1569,1,5
hotnode,1570,2,14
hotnode,1571,3,1
hotnode,1572,4,1
hotnode,1573,5,1
hotnode,1574,6,12
hotnode,1575,7,1
hotnode,1576,8,9
hotnode,1577,9,3
hotnode,1578,10,0
hotnode,1579,11,1
hotnode,1580,12,1
hotnode,1581,13,5
hotnode,1582,14,5
hotnode,1583,15,8
hotnode,1584,0,7
hotnode,1585,1,5
hotnode,1586,2,1
hotnode,1587,3,5
hotnode,1588,4,13
hotnode,1589,5,6
hotnode,1590,6,1
hotnode,1591,7,5
hotnode,1592,8,1
hotnode,1593,9,1
hotnode,1594,10,1
hotnode,1595,11,8
hotnode,1596,12,5
hotnode,1597,13,1
hotnode,1598,14,1
hotnode,1599,15,1
hotnode,1600,0,8
hotnode,1601,1,0
hotnode,1602,2,5
hotnode,1603,3,0
hotnode,1604,4,1
hotnode,1605,5,14
hotnode,1606,6,11
hotnode,1607,7,1
hotnode,1608,8,0
hotnode,1609,9,5
hotnode,1610,10,9
hotnode,1611,11,0
hotnode,1612,12,5
hotnode,1613,13,1
hotnode,1614,14,1
hotnode,1615,15,1
hotnode,1616,0,1
hotnode,1617,1,13
hotnode,1618,2,5
hotnode,1619,3,5
hotnode,1620,4,1
hotnode,1621,5,9
hotnode,1622,6,11
hotnode,1623,7,14
hotnode,1624,8,5
hotnode,1625,9,5
hotnode,1626,10,11
hotnode,1627,11,4
hotnode,1628,12,4
hotnode,1629,13,4
hotnode,1630,14,5
hotnode,1631,15,5
hotnode,1632,0,1
hotnode,1633,1,14
hotnode,1634,2,12
hotnode,1635,3,1
hotnode,1636,4,8
hotnode,1637,5,2
hotnode,1638,6,11
hotnode,1639,7,1
hotnode,1640,8,2
hotnode,1641,9,5
hotnode,1642,10,5
hotnode,1643,11,7
hotnode,1644,12,1
hotnode,1645,13,5
hotnode,1646,14,5
hotnode,1647,15,1
hotnode,1648,0,13
hotnode,1649,1,9
hotnode,1650,2,1
hotnode,1651,3,14
hotnode,1652,4,5
hotnode,1653,5,1
hotnode,1654,6,5
hotnode,1655,7,12
hotnode,1656,8,3
hotnode,1657,9,5
hotnode,1658,10,9
hotnode,1659,11,4
hotnode,1660,12,9
hotnode,1661,13,1
hotnode,1662,14,1
hotnode,1663,15,3
hotnode,1664,0,1
hotnode,1665,1,5
hotnode,1666,2,9
hotnode,1667,3,1
hotnode,1668,4,9
hotnode,1669,5,1
hotnode,1670,6,5
hotnode,1671,7,4
hotnode,1672,8,5
hotnode,1673,9,4
hotnode,1674,10,13
hotnode,1675,11,1
hotnode,1676,12,3
hotnode,1677,13,11
hotnode,1678,14,6
hotnode,1679,15,2
hotnode,1680,0,5
hotnode,1681,1,7
hotnode,1682,2,15
hotnode,1683,3,5
hotnode,1684,4,15
hotnode,1685,5,11
hotnode,1686,6,5
hotnode,1687,7,5
hotnode,1688,8,1
hotnode,1689,9,3
hotnode,1690,10,5
hotnode,1691,11,5
hotnode,1692,12,13
hotnode,1693,13,15
hotnode,1694,14,1
hotnode,1695,15,10
hotnode,1696,0,3
hotnode,1697,1,5
hotnode,1698,2,5
hotnode,1699,3,5
hotnode,1700,4,1
hotnode,1701,5,11
hotnode,1702,6,5
hotnode,1703,7,1
hotnode,1704,8,5
hotnode,1705,9,12
hotnode,1706,10,5
hotnode,1707,11,1
hotnode,1708,12,7
hotnode,1709,13,2
hotnode,1710,14,8
hotnode,1711,15,1
hotnode,1712,0,1
hotnode,1713,1,15
hotnode,1714,2,5
hotnode,1715,3,11
hotnode,1716,4,1
hotnode,1717,5,10
hotnode,1718,6,5
hotnode,1719,7,5
hotnode,1720,8,1
hotnode,1721,9,5
hotnode,1722,10,8
hotnode,1723,11,1
hotnode,1724,12,1
hotnode,1725,13,1
hotnode,1726,14,5
hotnode,1727,15,1
hotnode,1728,0,1
hotnode,1729,1,13
hotnode,1730,2,1
hotnode,1731,3,12
hotnode,1732,4,7
hotnode,1733,5,1
hotnode,1734,6,5
hotnode,1735,7,1
hotnode,1736,8,6
hotnode,1737,9,12
hotnode,1738,10,1
hotnode,1739,11,7
hotnode,1740,12,1
hotnode,1741,13,1
hotnode,1742,14,5
hotnode,1743,15,1
hotnode,1744,0,4
hotnode,1745,1,5
hotnode,1746,2,8
hotnode,1747,3,5
hotnode,1748,4,15
hotnode,1749,5,4
hotnode,1750,6,1
hotnode,1751,7,10
hotnode,1752,8,1
hotnode,1753,9,5
hotnode,1754,10,1
hotnode,1755,11,1
hotnode,1756,12,13
hotnode,1757,13,1
hotnode,1758,14,1
hotnode,1759,15,5
hotnode,1760,0,5
hotnode,1761,1,5
hotnode,1762,2,1
hotnode,1763,3,5
hotnode,1764,4,15
hotnode,1765,5,1
hotnode,1766,6,11
hotnode,1767,7,8
hotnode,1768,8,7
hotnode,1769,9,11
hotnode,1770,10,5
hotnode,1771,11,4
hotnode,1772,12,5
hotnode,1773,13,5
hotnode,1774,14,5
hotnode,1775,15,1
hotnode,1776,0,4
hotnode,1777,1,14
hotnode,1778,2,1
hotnode,1779,3,9
hotnode,1780,4,1
hotnode,1781,5,15
hotnode,1782,6,5
hotnode,1783,7,12
hotnode,1784,8,5
hotnode,1785,9,1
hotnode,1786,10,12
hotnode,1787,11,6
hotnode,1788,12,10
hotnode,1789,13,7
hotnode,1790,14,13
hotnode,1791,15,0
hotnode,1792,0,2
hotnode,1793,1,3
hotnode,1794,2,11
hotnode,1795,3,11
hotnode,1796,4,5
hotnode,1797,5,13
hotnode,1798,6,5
hotnode,1799,7,1
hotnode,1800,8,5
hotnode,1801,9,1
hotnode,1802,10,9
hotnode,1803,11,14
hotnode,1804,12,1
hotnode,1805,13,7
hotnode,1806,14,5
hotnode,1807,15,5
hotnode,1808,0,5
hotnode,1809,1,5
hotnode,1810,2,5
hotnode,1811,3,1
hotnode,1812,4,1
hotnode,1813,5,1
hotnode,1814,6,11
hotnode,1815,7,11
hotnode,1816,8,15
hotnode,1817,9,1
hotnode,1818,10,1
hotnode,1819,11,1
hotnode,1820,12,0
hotnode,1821,13,10
hotnode,1822,14,1
hotnode,1823,15,1
hotnode,1824,0,1
hotnode,1825,1,7
hotnode,1826,2,1
hotnode,1827,3,5
hotnode,1828,4,9
hotnode,1829,5,10
hotnode,1830,6,1
hotnode,1831,7,5
hotnode,1832,8,1
hotnode,1833,9,10
hotnode,1834,10,1
hotnode,1835,11,1
hotnode,1836,12,5
hotnode,1837,13,5
hotnode,1838,14,1
hotnode,1839,15,8
hotnode,1840,0,5
hotnode,1841,1,12
hotnode,1842,2,1
hotnode,1843,3,5
hotnode,1844,4,5
hotnode,1845,5,1
hotnode,1846,6,2
hotnode,1847,7,1
hotnode,1848,8,7
hotnode,1849,9,5
hotnode,1850,10,5
hotnode,1851,11,2
hotnode,1852,12,1
hotnode,1853,13,5
hotnode,1854,14,1
hotnode,1855,15,0
hotnode,1856,0,15
hotnode,1857,1,5
hotnode,1858,2,8
hotnode,1859,3,12
hotnode,1860,4,14
hotnode,1861,5,1
hotnode,1862,6,5
hotnode,1863,7,5
hotnode,1864,8,1
hotnode,1865,9,5
hotnode,1866,10,6
hotnode,1867,11,5
hotnode,1868,12,5
hotnode,1869,13,5
hotnode,1870,14,1
hotnode,1871,15,10
hotnode,1872,0,5
hotnode,1873,1,15
hotnode,1874,2,9
hotnode,1875,3,15
hotnode,1876,4,5
hotnode,1877,5,9
hotnode,1878,6,11
hotnode,1879,7,1
hotnode,1880,8,5
hotnode,1881,9,1
hotnode,1882,10,15
hotnode,1883,11,2
hotnode,1884,12,13
hotnode,1885,13,5
hotnode,1886,14,5
hotnode,1887,15,1
hotnode,1888,0,8
hotnode,1889,1,6
hotnode,1890,2,13
hotnode,1891,3,2
hotnode,1892,4,5
hotnode,1893,5,1
hotnode,1894,6,7
hotnode,1895,7,1
hotnode,1896,8,0
hotnode,1897,9,5
hotnode,1898,10,5
hotnode,1899,11,5
hotnode,1900,12,1
hotnode,1901,13,1
hotnode,1902,14,1
hotnode,1903,15,1
hotnode,1904,0,14
hotnode,1905,1,5
hotnode,1906,2,7
hotnode,1907,3,4
hotnode,1908,4,5
hotnode,1909,5,1
hotnode,1910,6,1
hotnode,1911,7,1
hotnode,1912,8,1
hotnode,1913,9,12
hotnode,1914,10,5
hotnode,1915,11,5
hotnode,1916,12,1
hotnode,1917,13,1
hotnode,1918,14,5
hotnode,1919,15,9
hotnode,1920,0,7
hotnode,1921,1,10
hotnode,1922,2,1
hotnode,1923,3,4
hotnode,1924,4,9
hotnode,1925,5,6
hotnode,1926,6,1
hotnode,1927,7,5
hotnode,1928,8,1
hotnode,1929,9,13
hotnode,1930,10,1
hotnode,1931,11,1
hotnode,1932,12,5
hotnode,1933,13,3
hotnode,1934,14,1
hotnode,1935,15,9
hotnode,1936,0,5
hotnode,1937,1,2
hotnode,1938,2,12
hotnode,1939,3,14
hotnode,1940,4,15
hotnode,1941,5,15
hotnode,1942,6,5
hotnode,1943,7,1
hotnode,1944,8,5
hotnode,1945,9,10
hotnode,1946,10,13
hotnode,1947,11,1
hotnode,1948,12,1
hotnode,1949,13,1
hotnode,1950,14,1
hotnode,1951,15,5
hotnode,1952,0,6
hotnode,1953,1,8
hotnode,1954,2,7
hotnode,1955,3,1
hotnode,1956,4,5
hotnode,1957,5,1
hotnode,1958,6,4
hotnode,1959,7,1
hotnode,1960,8,10
hotnode,1961,9,5
hotnode,1962,10,5
hotnode,1963,11,1
hotnode,1964,12,5
hotnode,1965,13,1
hotnode,1966,14,6
hotnode,1967,15,5
hotnode,1968,0,1
hotnode,1969,1,11
hotnode,1970,2,1
hotnode,1971,3,15
hotnode,1972,4,3
hotnode,1973,5,8
hotnode,1974,6,2
hotnode,1975,7,1
hotnode,1976,8,5
hotnode,1977,9,8
hotnode,1978,10,1
hotnode,1979,11,1
hotnode,1980,12,1
hotnode,1981,13,8
hotnode,1982,14,10
hotnode,1983,15,3
hotnode,1984,0,2
hotnode,1985,1,12
hotnode,1986,2,5
hotnode,1987,3,7
hotnode,1988,4,5
hotnode,1989,5,13
hotnode,1990,6,7
hotnode,1991,7,11
hotnode,1992,8,1
hotnode,1993,9,8
hotnode,1994,10,1
hotnode,1995,11,0
hotnode,1996,12,5
hotnode,1997,13,5
hotnode,1998,14,0
hotnode,1999,15,9
hotnode,2000,0,8
hotnode,2001,1,10
hotnode,2002,2,5
hotnode,2003,3,1
hotnode,2004,4,5
hotnode,2005,5,15
hotnode,2006,6,5
hotnode,2007,7,2
hotnode,2008,8,1
hotnode,2009,9,13
hotnode,2010,10,3
hotnode,2011,11,4
hotnode,2012,12,5
hotnode,2013,13,6
hotnode,2014,14,5
hotnode,2015,15,14
hotnode,2016,0,5
hotnode,2017,1,15
hotnode,2018,2,6
hotnode,2019,3,5
hotnode,2020,4,10
hotnode,2021,5,0
hotnode,2022,6,2
hotnode,2023,7,0
hotnode,2024,8,5
hotnode,2025,9,5
hotnode,2026,10,1
hotnode,2027,11,0
hotnode,2028,12,5
hotnode,2029,13,15
hotnode,2030,14,5
hotnode,2031,15,5
hotnode,2032,0,1
hotnode,2033,1,11
hotnode,2034,2,15
hotnode,2035,3,4
hotnode,2036,4,5
hotnode,2037,5,3
hotnode,2038,6,0
hotnode,2039,7,12
hotnode,2040,8,15
hotnode,2041,9,6
hotnode,2042,10,5
hotnode,2043,11,1
hotnode,2044,12,9
hotnode,2045,13,1
hotnode,2046,14,7
hotnode,2047,15,13
hotnode,2048,0,5
hotnode,2049,1,5
hotnode,2050,2,1
hotnode,2051,3,1
hotnode,2052,4,0
hotnode,2053,5,1
hotnode,2054,6,8
hotnode,2055,7,15
hotnode,2056,8,5
hotnode,2057,9,1
hotnode,2058,10,5
hotnode,2059,11,5
hotnode,2060,12,2
hotnode,2061,13,8
hotnode,2062,14,1
hotnode,2063,15,8
hotnode,2064,0,1
hotnode,2065,1,9
hotnode,2066,2,13
hotnode,2067,3,1
hotnode,2068,4,6
hotnode,2069,5,1
hotnode,2070,6,5
hotnode,2071,7,15
hotnode,2072,8,9
hotnode,2073,9,1
hotnode,2074,10,3
hotnode,2075,11,1
hotnode,2076,12,3
hotnode,2077,13,1
hotnode,2078,14,8
hotnode,2079,15,3
hotnode,2080,0,1
hotnode,2081,1,3
hotnode,2082,2,1
hotnode,2083,3,15
hotnode,2084,4,1
hotnode,2085,5,15
hotnode,2086,6,14
hotnode,2087,7,1
hotnode,2088,8,1
hotnode,2089,9,5
hotnode,2090,10,5
hotnode,2091,11,5
hotnode,2092,12,15
hotnode,2093,13,4
hotnode,2094,14,5
hotnode,2095,15,3
hotnode,2096,0,1
hotnode,2097,1,5
hotnode,2098,2,1
hotnode,2099,3,1
hotnode,2100,4,1
hotnode,2101,5,4
hotnode,2102,6,7
hotnode,2103,7,5
hotnode,2104,8,5
hotnode,2105,9,8
hotnode,2106,10,1
hotnode,2107,11,1
hotnode,2108,12,6
hotnode,2109,13,5
hotnode,2110,14,8
hotnode,2111,15,7
hotnode,2112,0,9
hotnode,2113,1,5
hotnode,2114,2,11
hotnode,2115,3,1
hotnode,2116,4,1
hotnode,2117,5,14
hotnode,2118,6,1
hotnode,2119,7,1
hotnode,2120,8,1
hotnode,2121,9,1
hotnode,2122,10,1
hotnode,2123,11,1
hotnode,2124,12,10
hotnode,2125,13,6
hotnode,2126,14,5
hotnode,2127,15,1
hotnode,2128,0,1
hotnode,2129,1,5
hotnode,2130,2,1
hotnode,2131,3,9
hotnode,2132,4,8
hotnode,2133,5,1
hotnode,2134,6,5
hotnode,2135,7,5
hotnode,2136,8,5
hotnode,2137,9,1
hotnode,2138,10,1
hotnode,2139,11,1
hotnode,2140,12,1
hotnode,2141,13,11
hotnode,2142,14,0
hotnode,2143,15,5
hotnode,2144,0,1
hotnode,2145,1,15
hotnode,2146,2,13
hotnode,2147,3,1
hotnode,2148,4,5
hotnode,2149,5,4
hotnode,2150,6,1
hotnode,2151,7,0
hotnode,2152,8,10
hotnode,2153,9,8
hotnode,2154,10,1
hotnode,2155,11,15
hotnode,2156,12,5
hotnode,2157,13,3
hotnode,2158,14,5
hotnode,2159,15,5
hotnode,2160,0,10
hotnode,2161,1,5
hotnode,2162,2,15
hotnode,2163,3,1
hotnode,2164,4,11
hotnode,2165,5,12
hotnode,2166,6,8
hotnode,2167,7,6
hotnode,2168,8,12
hotnode,2169,9,8
hotnode,2170,10,13
hotnode,2171,11,1
hotnode,2172,12,3
hotnode,2173,13,8
hotnode,2174,14,5
hotnode,2175,15,1
hotnode,2176,0,5
hotnode,2177,1,8
hotnode,2178,2,1
hotnode,2179,3,15
hotnode,2180,4,1
hotnode,2181,5,13
hotnode,2182,6,1
hotnode,2183,7,5
hotnode,2184,8,1
hotnode,2185,9,1
hotnode,2186,10,11
hotnode,2187,11,10
hotnode,2188,12,5
hotnode,2189,13,1
hotnode,2190,14,12
hotnode,2191,15,3
hotnode,2192,0,2
hotnode,2193,1,5
hotnode,2194,2,5
hotnode,2195,3,15
hotnode,2196,4,10
hotnode,2197,5,1
hotnode,2198,6,5
hotnode,2199,7,15
hotnode,2200,8,5
hotnode,2201,9,13
hotnode,2202,10,3
hotnode,2203,11,10
hotnode,2204,12,1
hotnode,2205,13,5
hotnode,2206,14,10
hotnode,2207,15,10
hotnode,2208,0,1
hotnode,2209,1,14
hotnode,2210,2,9
hotnode,2211,3,4
hotnode,2212,4,9
hotnode,2213,5,1
hotnode,2214,6,5
hotnode,2215,7,5
hotnode,2216,8,5
hotnode,2217,9,5
hotnode,2218,10,5
hotnode,2219,11,5
hotnode,2220,12,15
hotnode,2221,13,5
hotnode,2222,14,1
hotnode,2223,15,8
hotnode,2224,0,8
hotnode,2225,1,8
hotnode,2226,2,15
hotnode,2227,3,5
hotnode,2228,4,1
hotnode,2229,5,1
hotnode,2230,6,1
hotnode,2231,7,5
hotnode,2232,8,1
hotnode,2233,9,5
hotnode,2234,10,1
hotnode,2235,11,3
hotnode,2236,12,1
hotnode,2237,13,8
hotnode,2238,14,1
hotnode,2239,15,1
hotnode,2240,0,1
hotnode,2241,1,7
hotnode,2242,2,5
hotnode,2243,3,5
hotnode,2244,4,5
hotnode,2245,5,12
hotnode,2246,6,15
hotnode,2247,7,10
hotnode,2248,8,5
hotnode,2249,9,14
hotnode,2250,10,1
hotnode,2251,11,5
hotnode,2252,12,5
hotnode,2253,13,5
hotnode,2254,14,3
hotnode,2255,15,9
hotnode,2256,0,11
hotnode,2257,1,3
hotnode,2258,2,15
hotnode,2259,3,5
hotnode,2260,4,1
hotnode,2261,5,4
hotnode,2262,6,3
hotnode,2263,7,1
hotnode,2264,8,1
hotnode,2265,9,5
hotnode,2266,10,4
hotnode,2267,11,13
hotnode,2268,12,2
hotnode,2269,13,1
hotnode,2270,14,5
hotnode,2271,15,5
hotnode,2272,0,5
hotnode,2273,1,13
hotnode,2274,2,10
hotnode,2275,3,5
hotnode,2276,4,5
hotnode,2277,5,8
hotnode,2278,6,8
hotnode,2279,7,1
hotnode,2280,8,5
hotnode,2281,9,1
hotnode,2282,10,5
hotnode,2283,11,1
hotnode,2284,12,13
hotnode,2285,13,8
hotnode,2286,14,3
hotnode,2287,15,14
hotnode,2288,0,1
hotnode,2289,1,7
hotnode,2290,2,0
hotnode,2291,3,5
hotnode,2292,4,5
hotnode,2293,5,0
hotnode,2294,6,5
hotnode,2295,7,14
hotnode,2296,8,9
hotnode,2297,9,13
hotnode,2298,10,5
hotnode,2299,11,6
hotnode,2300,12,7
hotnode,2301,13,0
hotnode,2302,14,12
hotnode,2303,15,1
hotnode,2304,0,6
hotnode,2305,1,7
hotnode,2306,2,5
hotnode,2307,3,14
hotnode,2308,4,5
hotnode,2309,5,2
hotnode,2310,6,1
hotnode,2311,7,9
hotnode,2312,8,1
hotnode,2313,9,1
hotnode,2314,10,5
hotnode,2315,11,5
hotnode,2316,12,5
hotnode,2317,13,5
hotnode,2318,14,9
hotnode,2319,15,3
hotnode,2320,0,5
hotnode,2321,1,3
hotnode,2322,2,5
hotnode,2323,3,5
hotnode,2324,4,1
hotnode,2325,5,2
hotnode,2326,6,1
hotnode,2327,7,1
hotnode,2328,8,10
hotnode,2329,9,2
hotnode,2330,10,12
hotnode,2331,11,10
hotnode,2332,12,1
hotnode,2333,13,4
hotnode,2334,14,1
hotnode,2335,15,9
hotnode,2336,0,5
hotnode,2337,1,12
hotnode,2338,2,1
hotnode,2339,3,10
hotnode,2340,4,1
hotnode,2341,5,2
hotnode,2342,6,5
hotnode,2343,7,14
hotnode,2344,8,5
hotnode,2345,9,7
hotnode,2346,10,7
hotnode,2347,11,0
hotnode,2348,12,1
hotnode,2349,13,5
hotnode,2350,14,9
hotnode,2351,15,5
hotnode,2352,0,5
hotnode,2353,1,5
hotnode,2354,2,4
hotnode,2355,3,9
hotnode,2356,4,11
hotnode,2357,5,1
hotnode,2358,6,13
hotnode,2359,7,1
hotnode,2360,8,1
hotnode,2361,9,1
hotnode,2362,10,12
hotnode,2363,11,14
hotnode,2364,12,5
hotnode,2365,13,3
hotnode,2366,14,5
hotnode,2367,15,8
hotnode,2368,0,5
hotnode,2369,1,10
hotnode,2370,2,1
hotnode,2371,3,1
hotnode,2372,4,14
hotnode,2373,5,15
hotnode,2374,6,5
hotnode,2375,7,1
hotnode,2376,8,10
hotnode,2377,9,14
hotnode,2378,10,0
hotnode,2379,11,5
hotnode,2380,12,1
hotnode,2381,13,5
hotnode,2382,14,5
hotnode,2383,15,5
hotnode,2384,0,5
hotnode,2385,1,3
hotnode,2386,2,12
hotnode,2387,3,4
hotnode,2388,4,3
hotnode,2389,5,1
hotnode,2390,6,2
hotnode,2391,7,5
hotnode,2392,8,1
hotnode,2393,9,13
hotnode,2394,10,5
hotnode,2395,11,1
hotnode,2396,12,5
hotnode,2397,13,5
hotnode,2398,14,12
hotnode,2399,15,8
hotnode,2400,0,12
hotnode,2401,1,15
hotnode,2402,2,11
hotnode,2403,3,14
hotnode,2404,4,7
hotnode,2405,5,1
hotnode,2406,6,5
hotnode,2407,7,0
hotnode,2408,8,5
hotnode,2409,9,1
hotnode,2410,10,5
hotnode,2411,11,8
hotnode,2412,12,5
hotnode,2413,13,5
hotnode,2414,14,1
hotnode,2415,15,1
hotnode,2416,0,1
hotnode,2417,1,3
hotnode,2418,2,6
hotnode,2419,3,6
hotnode,2420,4,15
hotnode,2421,5,1
hotnode,2422,6,10
hotnode,2423,7,4
hotnode,2424,8,5
hotnode,2425,9,15
hotnode,2426,10,5
hotnode,2427,11,5
hotnode,2428,12,5
hotnode,2429,13,5
hotnode,2430,14,5
hotnode,2431,15,6
hotnode,2432,0,8
hotnode,2433,1,0
hotnode,2434,2,5
hotnode,2435,3,1
hotnode,2436,4,5
hotnode,2437,5,15
hotnode,2438,6,0
hotnode,2439,7,1
hotnode,2440,8,13
hotnode,2441,9,5
hotnode,2442,10,14
hotnode,2443,11,9
hotnode,2444,12,0
hotnode,2445,13,1
hotnode,2446,14,9
hotnode,2447,15,4
hotnode,2448,0,6
hotnode,2449,1,5
hotnode,2450,2,1
hotnode,2451,3,1
hotnode,2452,4,15
hotnode,2453,5,1
hotnode,2454,6,10
hotnode,2455,7,6
hotnode,2456,8,1
hotnode,2457,9,5
hotnode,2458,10,12
hotnode,2459,11,1
hotnode,2460,12,4
hotnode,2461,13,2
hotnode,2462,14,5
hotnode,2463,15,1
hotnode,2464,0,5
hotnode,2465,1,5
hotnode,2466,2,5
hotnode,2467,3,5
hotnode,2468,4,5
hotnode,2469,5,1
hotnode,2470,6,14
hotnode,2471,7,4
hotnode,2472,8,10
hotnode,2473,9,5
hotnode,2474,10,9
hotnode,2475,11,8
hotnode,2476,12,5
hotnode,2477,13,8
hotnode,2478,14,1
hotnode,2479,15,1
hotnode,2480,0,8
hotnode,2481,1,14
hotnode,2482,2,5
hotnode,2483,3,11
hotnode,2484,4,2
hotnode,2485,5,1
hotnode,2486,6,12
hotnode,2487,7,5
hotnode,2488,8,1
hotnode,2489,9,12
hotnode,2490,10,1
hotnode,2491,11,3
hotnode,2492,12,1
hotnode,2493,13,5
hotnode,2494,14,5
hotnode,2495,15,5
hotnode,2496,0,12
hotnode,2497,1,8
hotnode,2498,2,5
hotnode,2499,3,8
hotnode,2500,4,1
hotnode,2501,5,11
hotnode,2502,6,1
hotnode,2503,7,15
hotnode,2504,8,13
hotnode,2505,9,5
hotnode,2506,10,5
hotnode,2507,11,1
hotnode,2508,12,5
hotnode,2509,13,5
hotnode,2510,14,7
hotnode,2511,15,11
hotnode,2512,0,5
hotnode,2513,1,5
hotnode,2514,2,5
hotnode,2515,3,5
hotnode,2516,4,5
hotnode,2517,5,2
hotnode,2518,6,1
hotnode,2519,7,1
hotnode,2520,8,5
hotnode,2521,9,14
hotnode,2522,10,0
hotnode,2523,11,5
hotnode,2524,12,1
hotnode,2525,13,1
hotnode,2526,14,1
hotnode,2527,15,8
hotnode,2528,0,2
hotnode,2529,1,5
hotnode,2530,2,13
hotnode,2531,3,4
hotnode,2532,4,5
hotnode,2533,5,9
hotnode,2534,6,5
hotnode,2535,7,8
hotnode,2536,8,6
hotnode,2537,9,5
hotnode,2538,10,1
hotnode,2539,11,5
hotnode,2540,12,1
hotnode,2541,13,1
hotnode,2542,14,15
hotnode,2543,15,12
hotnode,2544,0,10
hotnode,2545,1,7
hotnode,2546,2,5
hotnode,2547,3,14
hotnode,2548,4,1
hotnode,2549,5,1
hotnode,2550,6,5
hotnode,2551,7,5
hotnode,2552,8,15
hotnode,2553,9,0
hotnode,2554,10,5
hotnode,2555,11,14
hotnode,2556,12,2
hotnode,2557,13,0
hotnode,2558,14,1
hotnode,2559,15,5
hotnode,2560,0,5
hotnode,2561,1,0
hotnode,2562,2,5
hotnode,2563,3,1
hotnode,2564,4,10
hotnode,2565,5,14
hotnode,2566,6,1
hotnode,2567,7,1
hotnode,2568,8,2
hotnode,2569,9,4
hotnode,2570,10,2
hotnode,2571,11,15
hotnode,2572,12,1
hotnode,2573,13,8
hotnode,2574,14,5
hotnode,2575,15,5
hotnode,2576,0,1
hotnode,2577,1,10
hotnode,2578,2,5
hotnode,2579,3,5
hotnode,2580,4,11
hotnode,2581,5,2
hotnode,2582,6,11
hotnode,2583,7,6
hotnode,2584,8,14
hotnode,2585,9,1
hotnode,2586,10,2
hotnode,2587,11,1
hotnode,2588,12,5
hotnode,2589,13,0
hotnode,2590,14,5
hotnode,2591,15,11
hotnode,2592,0,5
hotnode,2593,1,8
hotnode,2594,2,5
hotnode,2595,3,7
hotnode,2596,4,5
hotnode,2597,5,0
hotnode,2598,6,15
hotnode,2599,7,5
hotnode,2600,8,5
hotnode,2601,9,10
hotnode,2602,10,2
hotnode,2603,11,2
hotnode,2604,12,1
hotnode,2605,13,0
hotnode,2606,14,5
hotnode,2607,15,5
hotnode,2608,0,14
hotnode,2609,1,5
hotnode,2610,2,9
hotnode,2611,3,11
hotnode,2612,4,1
hotnode,2613,5,1
hotnode,2614,6,1
hotnode,2615,7,14
hotnode,2616,8,14
hotnode,2617,9,0
hotnode,2618,10,1
hotnode,2619,11,7
hotnode,2620,12,15
hotnode,2621,13,1
hotnode,2622,14,7
hotnode,2623,15,5
hotnode,2624,0,1
hotnode,2625,1,5
hotnode,2626,2,5
hotnode,2627,3,14
hotnode,2628,4,5
hotnode,2629,5,0
hotnode,2630,6,1
hotnode,2631,7,5
hotnode,2632,8,5
hotnode,2633,9,1
hotnode,2634,10,1
hotnode,2635,11,1
hotnode,2636,12,1
hotnode,2637,13,5
hotnode,2638,14,12
hotnode,2639,15,5
hotnode,2640,0,1
hotnode,2641,1,9
hotnode,2642,2,1
hotnode,2643,3,7
hotnode,2644,4,3
hotnode,2645,5,9
hotnode,2646,6,2
hotnode,2647,7,4
hotnode,2648,8,1
hotnode,2649,9,1
hotnode,2650,10,4
hotnode,2651,11,5
hotnode,2652,12,1
hotnode,2653,13,5
hotnode,2654,14,10
hotnode,2655,15,1
hotnode,2656,0,1
hotnode,2657,1,9
hotnode,2658,2,1
hotnode,2659,3,5
hotnode,2660,4,5
hotnode,2661,5,11
hotnode,2662,6,1
hotnode,2663,7,1
hotnode,2664,8,5
hotnode,2665,9,1
hotnode,2666,10,15
hotnode,2667,11,5
hotnode,2668,12,8
hotnode,2669,13,9
hotnode,2670,14,4
hotnode,2671,15,5
hotnode,2672,0,1
hotnode,2673,1,0
hotnode,2674,2,1
hotnode,2675,3,5
hotnode,2676,4,1
hotnode,2677,5,12
hotnode,2678,6,1
hotnode,2679,7,5
hotnode,2680,8,5
hotnode,2681,9,1
hotnode,2682,10,1
hotnode,2683,11,1
hotnode,2684,12,1
hotnode,2685,13,1
hotnode,2686,14,4
hotnode,2687,15,11
hotnode,2688,0,9
hotnode,2689,1,3
hotnode,2690,2,14
hotnode,2691,3,12
hotnode,2692,4,10
hotnode,2693,5,11
hotnode,2694,6,5
hotnode,2695,7,10
hotnode,2696,8,13
hotnode,2697,9,1
hotnode,2698,10,2
hotnode,2699,11,5
hotnode,2700,12,5
hotnode,2701,13,5
hotnode,2702,14,5
hotnode,2703,15,0
hotnode,2704,0,15
hotnode,2705,1,11
hotnode,2706,2,3
hotnode,2707,3,10
hotnode,2708,4,2
hotnode,2709,5,1
hotnode,2710,6,1
hotnode,2711,7,9
hotnode,2712,8,1
hotnode,2713,9,1
hotnode,2714,10,5
hotnode,2715,11,6
hotnode,2716,12,5
hotnode,2717,13,11
hotnode,2718,14,2
hotnode,2719,15,5
hotnode,2720,0,1
hotnode,2721,1,5
hotnode,2722,2,5
hotnode,2723,3,9
hotnode,2724,4,8
hotnode,2725,5,1
hotnode,2726,6,1
hotnode,2727,7,1
hotnode,2728,8,1
hotnode,2729,9,5
hotnode,2730,10,5
hotnode,2731,11,9
hotnode,2732,12,1
hotnode,2733,13,5
hotnode,2734,14,2
hotnode,2735,15,5
hotnode,2736,0,5
hotnode,2737,1,12
hotnode,2738,2,11
hotnode,2739,3,1
hotnode,2740,4,1
hotnode,2741,5,1
hotnode,2742,6,5
hotnode,2743,7,5
hotnode,2744,8,10
hotnode,2745,9,1
hotnode,2746,10,5
hotnode,2747,11,5
hotnode,2748,12,0
hotnode,2749,13,0
hotnode,2750,14,5
hotnode,2751,15,5
hotnode,2752,0,1
hotnode,2753,1,3
hotnode,2754,2,5
hotnode,2755,3,13
hotnode,2756,4,10
hotnode,2757,5,6
hotnode,2758,6,10
hotnode,2759,7,5
hotnode,2760,8,1
hotnode,2761,9,3
hotnode,2762,10,9
hotnode,2763,11,1
hotnode,2764,12,5
hotnode,2765,13,1
hotnode,2766,14,6
hotnode,2767,15,9
hotnode,2768,0,5
hotnode,2769,1,4
hotnode,2770,2,5
hotnode,2771,3,1
hotnode,2772,4,1
hotnode,2773,5,1
hotnode,2774,6,5
hotnode,2775,7,5
hotnode,2776,8,5
hotnode,2777,9,1
hotnode,2778,10,0
hotnode,2779,11,4
hotnode,2780,12,1
hotnode,2781,13,14
hotnode,2782,14,2
hotnode,2783,15,5
hotnode,2784,0,3
hotnode,2785,1,0
hotnode,2786,2,5
hotnode,2787,3,9
hotnode,2788,4,5
hotnode,2789,5,1
hotnode,2790,6,1
hotnode,2791,7,5
hotnode,2792,8,5
hotnode,2793,9,5
hotnode,2794,10,5
hotnode,2795,11,5
hotnode,2796,12,4
hotnode,2797,13,12
hotnode,2798,14,1
hotnode,2799,15,8
hotnode,2800,0,2
hotnode,2801,1,5
hotnode,2802,2,1
hotnode,2803,3,4
hotnode,2804,4,2
hotnode,2805,5,1
hotnode,2806,6,11
hotnode,2807,7,5
hotnode,2808,8,5
hotnode,2809,9,11
hotnode,2810,10,1
hotnode,2811,11,1
hotnode,2812,12,5
hotnode,2813,13,1
hotnode,2814,14,11
hotnode,2815,15,1
hotnode,2816,0,5
hotnode,2817,1,5
hotnode,2818,2,15
hotnode,2819,3,5
hotnode,2820,4,5
hotnode,2821,5,1
hotnode,2822,6,5
hotnode,2823,7,0
hotnode,2824,8,1
hotnode,2825,9,10
hotnode,2826,10,1
hotnode,2827,11,5
hotnode,2828,12,5
hotnode,2829,13,3
hotnode,2830,14,5
hotnode,2831,15,7
hotnode,2832,0,12
hotnode,2833,1,5
hotnode,2834,2,0
hotnode,2835,3,5
hotnode,2836,4,6
hotnode,2837,5,1
hotnode,2838,6,1
hotnode,2839,7,10
hotnode,2840,8,7
hotnode,2841,9,8
hotnode,2842,10,5
hotnode,2843,11,5
hotnode,2844,12,10
hotnode,2845,13,4
hotnode,2846,14,5
hotnode,2847,15,1
hotnode,2848,0,2
hotnode,2849,1,12
hotnode,2850,2,15
hotnode,2851,3,7
hotnode,2852,4,1
hotnode,2853,5,14
hotnode,2854,6,1
hotnode,2855,7,5
hotnode,2856,8,1
hotnode,2857,9,14
hotnode,2858,10,3
hotnode,2859,11,1
hotnode,2860,12,10
hotnode,2861,13,11
hotnode,2862,14,5
hotnode,2863,15,5
hotnode,2864,0,1
hotnode,2865,1,10
hotnode,2866,2,12
hotnode,2867,3,1
hotnode,2868,4,5
hotnode,2869,5,1
hotnode,2870,6,1
hotnode,2871,7,9
hotnode,2872,8,9
hotnode,2873,9,5
hotnode,2874,10,3
hotnode,2875,11,1
hotnode,2876,12,1
hotnode,2877,13,15
hotnode,2878,14,5
hotnode,2879,15,5
hotnode,2880,0,15
hotnode,2881,1,10
hotnode,2882,2,7
hotnode,2883,3,1
hotnode,2884,4,5
hotnode,2885,5,1
hotnode,2886,6,11
hotnode,2887,7,1
hotnode,2888,8,1
hotnode,2889,9,1
hotnode,2890,10,15
hotnode,2891,11,1
hotnode,2892,12,14
hotnode,2893,13,5
hotnode,2894,14,0
hotnode,2895,15,2
hotnode,2896,0,5
hotnode,2897,1,9
hotnode,2898,2,9
hotnode,2899,3,5
hotnode,2900,4,11
hotnode,2901,5,10
hotnode,2902,6,9
hotnode,2903,7,1
hotnode,2904,8,0
hotnode,2905,9,1
hotnode,2906,10,1
hotnode,2907,11,5
hotnode,2908,12,1
hotnode,2909,13,5
hotnode,2910,14,2
hotnode,2911,15,8
hotnode,2912,0,1
hotnode,2913,1,0
hotnode,2914,2,1
hotnode,2915,3,1
hotnode,2916,4,3
hotnode,2917,5,1
hotnode,2918,6,9
hotnode,2919,7,4
hotnode,2920,8,13
hotnode,2921,9,5
hotnode,2922,10,4
hotnode,2923,11,13
hotnode,2924,12,1
hotnode,2925,13,15
hotnode,2926,14,12
hotnode,2927,15,1
hotnode,2928,0,5
hotnode,2929,1,4
hotnode,2930,2,15
hotnode,2931,3,1
hotnode,2932,4,7
hotnode,2933,5,14
hotnode,2934,6,1
hotnode,2935,7,1
hotnode,2936,8,5
hotnode,2937,9,10
hotnode,2938,10,1
hotnode,2939,11,6
hotnode,2940,12,5
hotnode,2941,13,15
hotnode,2942,14,1
hotnode,2943,15,7
hotnode,2944,0,5
hotnode,2945,1,5
hotnode,2946,2,1
hotnode,2947,3,7
hotnode,2948,4,5
hotnode,2949,5,0
hotnode,2950,6,3
hotnode,2951,7,5
hotnode,2952,8,9
hotnode,2953,9,14
hotnode,2954,10,1
hotnode,2955,11,7
hotnode,2956,12,1
hotnode,2957,13,5
hotnode,2958,14,5
hotnode,2959,15,1
hotnode,2960,0,7
hotnode,2961,1,5
hotnode,2962,2,5
hotnode,2963,3,1
hotnode,2964,4,5
hotnode,2965,5,4
hotnode,2966,6,7
hotnode,2967,7,9
hotnode,2968,8,5
hotnode,2969,9,12
hotnode,2970,10,11
hotnode,2971,11,5
hotnode,2972,12,5
hotnode,2973,13,5
hotnode,2974,14,1
hotnode,2975,15,3
hotnode,2976,0,5
hotnode,2977,1,0
hotnode,2978,2,1
hotnode,2979,3,1
hotnode,2980,4,5
hotnode,2981,5,7
hotnode,2982,6,1
hotnode,2983,7,9
hotnode,2984,8,1
hotnode,2985,9,6
hotnode,2986,10,13
hotnode,2987,11,15
hotnode,2988,12,3
hotnode,2989,13,10
hotnode,2990,14,13
hotnode,2991,15,5
hotnode,2992,0,5
hotnode,2993,1,6
hotnode,2994,2,5
hotnode,2995,3,1
hotnode,2996,4,0
hotnode,2997,5,3
hotnode,2998,6,5
hotnode,2999,7,1
